{
    "label": "Eating together",
    "start_ts": 1504767471000,
    "end_ts": 1504768559000,
    "avg_n_human": 2.0,
    "duration": 1088,
    "sensors": [
        "Aircon_2",
        "Brightness_1",
        "Brightness_2",
        "Door",
        "Humidity_1",
        "Humidity_2",
        "Light_2",
        "Motion_1",
        "Motion_2",
        "Motion_5",
        "Motion_6",
        "Motion_7",
        "Motion_8",
        "PodiumIR",
        "Seat_3",
        "Seat_5",
        "Seat_6",
        "Seat_7",
        "Sound_C",
        "Sound_L",
        "Sound_P",
        "Sound_R",
        "Temperature_1",
        "Temperature_2"
    ]
}