{
    "label": "Eating together",
    "start_ts": 1511083162000,
    "end_ts": 1511084850000,
    "avg_n_human": 2.0,
    "duration": 1688,
    "sensors": [
        "Brightness_1",
        "Brightness_2",
        "Door",
        "Humidity_1",
        "Humidity_2",
        "Light_1",
        "Light_2",
        "Light_3",
        "Motion_1",
        "Motion_2",
        "Motion_3",
        "Motion_4",
        "Motion_5",
        "Motion_6",
        "Motion_7",
        "Motion_8",
        "PodiumIR",
        "Seat_1",
        "Seat_2",
        "Seat_3",
        "Seat_4",
        "Seat_8",
        "Seat_9",
        "Sound_P",
        "Sound_R",
        "Temperature_1",
        "Temperature_2"
    ]
}