{
    "label": "Eating together",
    "start_ts": 1513080968000,
    "end_ts": 1513082296000,
    "avg_n_human": 2.0,
    "duration": 1328,
    "sensors": [
        "Brightness_1",
        "Brightness_2",
        "Door",
        "Humidity_1",
        "Humidity_2",
        "Motion_1",
        "Motion_2",
        "Motion_3",
        "Motion_4",
        "Motion_5",
        "Motion_6",
        "Motion_7",
        "Motion_8",
        "PodiumIR",
        "Seat_12",
        "Seat_3",
        "Seat_4",
        "Seat_5",
        "Seat_7",
        "Seat_9",
        "Sound_P",
        "Temperature_1",
        "Temperature_2"
    ]
}