{
    "label": "Eating together",
    "start_ts": 1505120438000,
    "end_ts": 1505121920000,
    "avg_n_human": 9.0,
    "duration": 1482,
    "sensors": [
        "Aircon_1",
        "Brightness_1",
        "Brightness_2",
        "Door",
        "Humidity_1",
        "Humidity_2",
        "Light_1",
        "Light_2",
        "Light_3",
        "Motion_1",
        "Motion_2",
        "Motion_3",
        "Motion_4",
        "Motion_5",
        "Motion_6",
        "Motion_7",
        "Motion_8",
        "PodiumIR",
        "Seat_1",
        "Seat_10",
        "Seat_2",
        "Seat_4",
        "Seat_5",
        "Seat_6",
        "Seat_7",
        "Seat_8",
        "Seat_9",
        "Sound_C",
        "Sound_L",
        "Sound_P",
        "Sound_R",
        "Temperature_1",
        "Temperature_2"
    ]
}