{
    "label": "Eating together",
    "start_ts": 1505563618000,
    "end_ts": 1505564427000,
    "avg_n_human": 2.0,
    "duration": 809,
    "sensors": [
        "Door",
        "Humidity_1",
        "Humidity_2",
        "Light_2",
        "Motion_1",
        "Motion_2",
        "Motion_6",
        "Motion_7",
        "Motion_8",
        "PodiumIR",
        "Seat_5",
        "Seat_6",
        "Sound_C",
        "Sound_L",
        "Sound_P",
        "Sound_R",
        "Temperature_1",
        "Temperature_2"
    ]
}