{
    "label": "Reading",
    "start_ts": 1511163588000,
    "end_ts": 1511167078000,
    "avg_n_human": 1.0,
    "duration": 3490,
    "sensors": [
        "Brightness_1",
        "Brightness_2",
        "Door",
        "Humidity_1",
        "Humidity_2",
        "Motion_1",
        "Motion_2",
        "Motion_3",
        "Motion_5",
        "Motion_6",
        "Motion_7",
        "Motion_8",
        "PodiumIR",
        "Seat_1",
        "Seat_10",
        "Seat_12",
        "Seat_3",
        "Seat_5",
        "Seat_7",
        "Seat_9",
        "Sound_P",
        "Sound_R",
        "Temperature_1",
        "Temperature_2"
    ]
}