{
    "label": "Reading",
    "start_ts": 1505200685000,
    "end_ts": 1505201529000,
    "avg_n_human": 1.0,
    "duration": 844,
    "sensors": [
        "Aircon_1",
        "Aircon_2",
        "Door",
        "Humidity_1",
        "Humidity_2",
        "Light_2",
        "Motion_1",
        "Motion_2",
        "Motion_5",
        "Motion_6",
        "Motion_7",
        "Motion_8",
        "PodiumIR",
        "Seat_1",
        "Sound_C",
        "Sound_L",
        "Sound_P",
        "Sound_R",
        "Temperature_1",
        "Temperature_2"
    ]
}