{
    "label": "Reading",
    "start_ts": 1505389800000,
    "end_ts": 1505390827000,
    "avg_n_human": 1.0,
    "duration": 1027,
    "sensors": [
        "Door",
        "Humidity_1",
        "Humidity_2",
        "Light_2",
        "Motion_1",
        "Motion_2",
        "Motion_6",
        "Motion_7",
        "Motion_8",
        "PodiumIR",
        "Seat_10",
        "Seat_8",
        "Sound_C",
        "Sound_L",
        "Sound_P",
        "Sound_R",
        "Temperature_1",
        "Temperature_2"
    ]
}