{
    "label": "Reading",
    "start_ts": 1511085331000,
    "end_ts": 1511085954000,
    "avg_n_human": 1.0,
    "duration": 623,
    "sensors": [
        "Brightness_1",
        "Brightness_2",
        "Door",
        "Humidity_1",
        "Humidity_2",
        "Motion_1",
        "Motion_5",
        "Motion_6",
        "Motion_7",
        "Motion_8",
        "PodiumIR",
        "Seat_10",
        "Seat_12",
        "Sound_P",
        "Sound_R",
        "Temperature_1",
        "Temperature_2"
    ]
}