{
    "label": "Reading",
    "start_ts": 1510830355000,
    "end_ts": 1510832417000,
    "avg_n_human": 1.0,
    "duration": 2062,
    "sensors": [
        "Brightness_1",
        "Brightness_2",
        "Door",
        "Humidity_1",
        "Humidity_2",
        "Motion_1",
        "Motion_2",
        "Motion_3",
        "Motion_4",
        "Motion_6",
        "Motion_7",
        "Motion_8",
        "PodiumIR",
        "Seat_9",
        "Sound_P",
        "Sound_R",
        "Temperature_1",
        "Temperature_2"
    ]
}