{
    "label": "Reading",
    "start_ts": 1505379103000,
    "end_ts": 1505380304000,
    "avg_n_human": 1.0,
    "duration": 1201,
    "sensors": [
        "Door",
        "Humidity_1",
        "Humidity_2",
        "Motion_1",
        "Motion_2",
        "Motion_6",
        "Motion_7",
        "Motion_8",
        "PodiumIR",
        "Seat_4",
        "Seat_6",
        "Seat_8",
        "Sound_C",
        "Sound_L",
        "Sound_P",
        "Sound_R",
        "Temperature_1",
        "Temperature_2"
    ]
}