{
    "label": "Reading",
    "start_ts": 1511161284000,
    "end_ts": 1511163317000,
    "avg_n_human": 1.0,
    "duration": 2033,
    "sensors": [
        "Brightness_1",
        "Brightness_2",
        "Door",
        "Humidity_1",
        "Humidity_2",
        "Motion_1",
        "Motion_2",
        "Motion_3",
        "Motion_4",
        "Motion_5",
        "Motion_6",
        "Motion_7",
        "Motion_8",
        "PodiumIR",
        "Seat_11",
        "Seat_2",
        "Seat_4",
        "Seat_8",
        "Seat_9",
        "Sound_P",
        "Sound_R",
        "Temperature_1",
        "Temperature_2"
    ]
}