{
    "label": "Phone call",
    "start_ts": 1505295696000,
    "end_ts": 1505296393000,
    "avg_n_human": 1.0,
    "duration": 697,
    "sensors": [
        "Door",
        "Humidity_1",
        "Humidity_2",
        "Light_2",
        "Motion_1",
        "Motion_2",
        "Motion_6",
        "Motion_7",
        "Motion_8",
        "PodiumIR",
        "Seat_6",
        "Sound_C",
        "Sound_L",
        "Sound_P",
        "Sound_R",
        "Temperature_1",
        "Temperature_2"
    ]
}