{
    "label": "Phone call",
    "start_ts": 1513238332000,
    "end_ts": 1513239436000,
    "avg_n_human": 1.0,
    "duration": 1104,
    "sensors": [
        "Brightness_1",
        "Brightness_2",
        "Door",
        "Humidity_1",
        "Humidity_2",
        "Motion_1",
        "Motion_2",
        "Motion_3",
        "Motion_6",
        "Motion_7",
        "Motion_8",
        "PodiumIR",
        "Seat_11",
        "Seat_12",
        "Seat_9",
        "Sound_P",
        "Temperature_1",
        "Temperature_2"
    ]
}