{
    "label": "Phone call",
    "start_ts": 1510232267000,
    "end_ts": 1510233915000,
    "avg_n_human": 1.0,
    "duration": 1648,
    "sensors": [
        "Brightness_1",
        "Door",
        "Humidity_1",
        "Motion_1",
        "Motion_2",
        "Motion_3",
        "Motion_4",
        "Motion_5",
        "Motion_6",
        "Motion_7",
        "Motion_8",
        "PodiumIR",
        "Projector",
        "Seat_11",
        "Seat_3",
        "Seat_5",
        "Sound_P",
        "Sound_R",
        "Temperature_1"
    ]
}