{
    "label": "Phone call",
    "start_ts": 1513833088000,
    "end_ts": 1513833929000,
    "avg_n_human": 1.0,
    "duration": 841,
    "sensors": [
        "Brightness_1",
        "Brightness_2",
        "Door",
        "Humidity_1",
        "Humidity_2",
        "Motion_5",
        "Motion_6",
        "Motion_7",
        "Motion_8",
        "PodiumIR",
        "Seat_2",
        "Seat_4",
        "Seat_9",
        "Sound_C",
        "Sound_L",
        "Sound_P",
        "Sound_R",
        "Temperature_1",
        "Temperature_2"
    ]
}