{
    "label": "Phone call",
    "start_ts": 1505386932000,
    "end_ts": 1505387255000,
    "avg_n_human": 1.0,
    "duration": 323,
    "sensors": [
        "Door",
        "Humidity_1",
        "Humidity_2",
        "Light_2",
        "Motion_1",
        "Motion_3",
        "Motion_4",
        "Motion_5",
        "Motion_6",
        "Motion_7",
        "Motion_8",
        "PodiumIR",
        "Seat_4",
        "Sound_C",
        "Sound_L",
        "Sound_P",
        "Sound_R",
        "Temperature_1",
        "Temperature_2"
    ]
}