{
    "label": "Phone call",
    "start_ts": 1506257382000,
    "end_ts": 1506258704000,
    "avg_n_human": 1.0,
    "duration": 1322,
    "sensors": [
        "Door",
        "Humidity_1",
        "Humidity_2",
        "Motion_1",
        "Motion_2",
        "Motion_3",
        "Motion_6",
        "Motion_7",
        "Motion_8",
        "PodiumIR",
        "Seat_1",
        "Seat_10",
        "Seat_11",
        "Seat_12",
        "Seat_2",
        "Seat_5",
        "Seat_7",
        "Sound_C",
        "Sound_L",
        "Sound_P",
        "Sound_R",
        "Temperature_1",
        "Temperature_2"
    ]
}