{
    "label": "Phone call",
    "start_ts": 1510146670000,
    "end_ts": 1510147247000,
    "avg_n_human": 1.0,
    "duration": 577,
    "sensors": [
        "Brightness_1",
        "Door",
        "Humidity_1",
        "Light_2",
        "Motion_1",
        "Motion_2",
        "Motion_3",
        "Motion_4",
        "Motion_5",
        "Motion_6",
        "Motion_7",
        "Motion_8",
        "PodiumIR",
        "Projector",
        "Seat_10",
        "Seat_8",
        "Sound_P",
        "Sound_R",
        "Temperature_1"
    ]
}