{
    "label": "Phone call",
    "start_ts": 1504579862000,
    "end_ts": 1504581307000,
    "avg_n_human": 1.0,
    "duration": 1445,
    "sensors": [
        "Brightness_1",
        "Brightness_2",
        "Door",
        "Humidity_1",
        "Humidity_2",
        "Motion_1",
        "Motion_2",
        "Motion_5",
        "Motion_6",
        "Motion_7",
        "Motion_8",
        "PodiumIR",
        "Seat_1",
        "Seat_10",
        "Seat_4",
        "Seat_7",
        "Seat_8",
        "Seat_9",
        "Sound_C",
        "Sound_L",
        "Sound_P",
        "Sound_R",
        "Temperature_1",
        "Temperature_2"
    ]
}