{
    "label": "Phone call",
    "start_ts": 1505817236000,
    "end_ts": 1505818461000,
    "avg_n_human": 1.0,
    "duration": 1225,
    "sensors": [
        "Door",
        "Humidity_1",
        "Humidity_2",
        "Light_2",
        "Motion_1",
        "Motion_2",
        "Motion_4",
        "Motion_5",
        "Motion_6",
        "Motion_7",
        "Motion_8",
        "PodiumIR",
        "Seat_10",
        "Seat_4",
        "Seat_5",
        "Seat_6",
        "Seat_9",
        "Sound_C",
        "Sound_L",
        "Sound_P",
        "Sound_R",
        "Temperature_1",
        "Temperature_2"
    ]
}