{
    "label": "Phone call",
    "start_ts": 1504449777000,
    "end_ts": 1504450494000,
    "avg_n_human": 1.0,
    "duration": 717,
    "sensors": [
        "Brightness_1",
        "Brightness_2",
        "Door",
        "Humidity_1",
        "Humidity_2",
        "Light_1",
        "Light_3",
        "Motion_1",
        "Motion_5",
        "Motion_6",
        "Motion_7",
        "Motion_8",
        "PodiumIR",
        "Seat_1",
        "Seat_11",
        "Seat_12",
        "Seat_2",
        "Sound_C",
        "Sound_L",
        "Sound_P",
        "Sound_R",
        "Temperature_1",
        "Temperature_2"
    ]
}