{
    "label": "Phone call",
    "start_ts": 1505798221000,
    "end_ts": 1505798569000,
    "avg_n_human": 1.5,
    "duration": 348,
    "sensors": [
        "Door",
        "Humidity_1",
        "Humidity_2",
        "Motion_1",
        "Motion_2",
        "Motion_3",
        "Motion_4",
        "Motion_5",
        "Motion_6",
        "Motion_7",
        "Motion_8",
        "PodiumIR",
        "Seat_12",
        "Seat_7",
        "Sound_C",
        "Sound_L",
        "Sound_P",
        "Sound_R",
        "Temperature_1",
        "Temperature_2"
    ]
}