{
    "label": "Phone call",
    "start_ts": 1505822599000,
    "end_ts": 1505823894000,
    "avg_n_human": 1.0,
    "duration": 1295,
    "sensors": [
        "Door",
        "Humidity_1",
        "Humidity_2",
        "Motion_1",
        "Motion_2",
        "Motion_3",
        "Motion_4",
        "Motion_6",
        "Motion_7",
        "Motion_8",
        "PodiumIR",
        "Seat_11",
        "Seat_2",
        "Seat_9",
        "Sound_C",
        "Sound_L",
        "Sound_P",
        "Sound_R",
        "Temperature_1",
        "Temperature_2"
    ]
}