{
    "label": "Lab meeting",
    "start_ts": 1506389568000,
    "end_ts": 1506393257000,
    "avg_n_human": 12.0,
    "duration": 3689,
    "sensors": [
        "Door",
        "Humidity_1",
        "Humidity_2",
        "Motion_1",
        "Motion_2",
        "Motion_3",
        "Motion_4",
        "Motion_5",
        "Motion_6",
        "Motion_7",
        "Motion_8",
        "PodiumIR",
        "Projector",
        "Seat_1",
        "Seat_10",
        "Seat_11",
        "Seat_2",
        "Seat_3",
        "Seat_4",
        "Seat_5",
        "Seat_6",
        "Seat_7",
        "Seat_8",
        "Seat_9",
        "Sound_C",
        "Sound_L",
        "Sound_P",
        "Sound_R",
        "Temperature_1",
        "Temperature_2"
    ]
}