{
    "label": "Lab meeting",
    "start_ts": 1510739575000,
    "end_ts": 1510744058000,
    "avg_n_human": 11.0,
    "duration": 4483,
    "sensors": [
        "Door",
        "Motion_1",
        "Motion_2",
        "Motion_3",
        "Motion_4",
        "Motion_5",
        "Motion_6",
        "Motion_7",
        "Motion_8",
        "Projector",
        "Seat_1",
        "Seat_10",
        "Seat_11",
        "Seat_12",
        "Seat_2",
        "Seat_3",
        "Seat_4",
        "Seat_5",
        "Seat_7",
        "Seat_8",
        "Seat_9",
        "Sound_R"
    ]
}