{
    "label": "Lab meeting",
    "start_ts": 1505123987000,
    "end_ts": 1505128445000,
    "avg_n_human": 11.0,
    "duration": 4458,
    "sensors": [
        "Brightness_1",
        "Brightness_2",
        "Door",
        "Humidity_1",
        "Humidity_2",
        "Light_2",
        "Motion_1",
        "Motion_2",
        "Motion_3",
        "Motion_4",
        "Motion_5",
        "Motion_6",
        "Motion_7",
        "Motion_8",
        "PodiumIR",
        "Projector",
        "Seat_10",
        "Seat_11",
        "Seat_2",
        "Seat_3",
        "Seat_4",
        "Seat_5",
        "Seat_6",
        "Seat_7",
        "Seat_8",
        "Seat_9",
        "Sound_C",
        "Sound_L",
        "Sound_P",
        "Sound_R",
        "Temperature_1",
        "Temperature_2"
    ]
}