{
    "label": "Lab meeting",
    "start_ts": 1506419910000,
    "end_ts": 1506423632000,
    "avg_n_human": 10.0,
    "duration": 3722,
    "sensors": [
        "Aircon_1",
        "Door",
        "Light_1",
        "Light_2",
        "Light_3",
        "Motion_1",
        "Motion_2",
        "Motion_3",
        "Motion_4",
        "Motion_5",
        "Motion_6",
        "Motion_7",
        "Motion_8",
        "PodiumIR",
        "Projector",
        "Seat_1",
        "Seat_10",
        "Seat_11",
        "Seat_12",
        "Seat_2",
        "Seat_3",
        "Seat_4",
        "Seat_5",
        "Seat_6",
        "Seat_7",
        "Seat_8",
        "Seat_9",
        "Sound_C",
        "Sound_L",
        "Sound_P",
        "Sound_R"
    ]
}