{
    "label": "Lab meeting",
    "start_ts": 1504486653000,
    "end_ts": 1504488516000,
    "avg_n_human": 5.0,
    "duration": 1863,
    "sensors": [
        "Aircon_1",
        "Aircon_2",
        "Brightness_1",
        "Brightness_2",
        "Door",
        "Humidity_1",
        "Humidity_2",
        "Light_1",
        "Light_2",
        "Light_3",
        "Motion_1",
        "Motion_2",
        "Motion_3",
        "Motion_4",
        "Motion_5",
        "Motion_6",
        "Motion_7",
        "Motion_8",
        "PodiumIR",
        "Projector",
        "Seat_1",
        "Seat_10",
        "Seat_4",
        "Seat_7",
        "Seat_8",
        "Seat_9",
        "Sound_C",
        "Sound_L",
        "Sound_P",
        "Sound_R",
        "Temperature_1",
        "Temperature_2"
    ]
}