{
    "label": "Eating",
    "start_ts": 1506394590000,
    "end_ts": 1506396487000,
    "avg_n_human": 1.0,
    "duration": 1897,
    "sensors": [
        "Aircon_1",
        "Door",
        "Humidity_1",
        "Humidity_2",
        "Motion_1",
        "Motion_2",
        "Motion_3",
        "Motion_5",
        "Motion_6",
        "Motion_7",
        "Motion_8",
        "PodiumIR",
        "Seat_12",
        "Seat_8",
        "Sound_C",
        "Sound_L",
        "Sound_P",
        "Sound_R",
        "Temperature_1",
        "Temperature_2"
    ]
}