{
    "label": "Eating",
    "start_ts": 1505700686000,
    "end_ts": 1505702152000,
    "avg_n_human": 1.0,
    "duration": 1466,
    "sensors": [
        "Aircon_2",
        "Door",
        "Humidity_1",
        "Humidity_2",
        "Light_2",
        "Motion_1",
        "Motion_2",
        "Motion_6",
        "Motion_7",
        "Motion_8",
        "PodiumIR",
        "Seat_11",
        "Seat_4",
        "Seat_8",
        "Seat_9",
        "Sound_C",
        "Sound_L",
        "Sound_P",
        "Sound_R",
        "Temperature_1",
        "Temperature_2"
    ]
}