{
    "label": "Eating",
    "start_ts": 1504413744000,
    "end_ts": 1504415510000,
    "avg_n_human": 1.0,
    "duration": 1766,
    "sensors": [
        "Aircon_1",
        "Brightness_1",
        "Brightness_2",
        "Door",
        "Humidity_1",
        "Humidity_2",
        "Light_2",
        "Motion_1",
        "Motion_6",
        "Motion_7",
        "Motion_8",
        "PodiumIR",
        "Seat_1",
        "Seat_11",
        "Seat_12",
        "Seat_2",
        "Seat_4",
        "Seat_9",
        "Sound_C",
        "Sound_L",
        "Sound_P",
        "Sound_R",
        "Temperature_1",
        "Temperature_2"
    ]
}