{
    "label": "Eating",
    "start_ts": 1505106373000,
    "end_ts": 1505107793000,
    "avg_n_human": 1.0,
    "duration": 1420,
    "sensors": [
        "Aircon_1",
        "Aircon_2",
        "Brightness_1",
        "Brightness_2",
        "Door",
        "Humidity_1",
        "Humidity_2",
        "Light_2",
        "Motion_1",
        "Motion_6",
        "Motion_7",
        "Motion_8",
        "PodiumIR",
        "Seat_1",
        "Seat_10",
        "Seat_4",
        "Seat_6",
        "Sound_C",
        "Sound_L",
        "Sound_P",
        "Sound_R",
        "Temperature_1",
        "Temperature_2"
    ]
}