{
    "label": "Eating",
    "start_ts": 1513657969000,
    "end_ts": 1513658756000,
    "avg_n_human": 1.0,
    "duration": 787,
    "sensors": [
        "Brightness_1",
        "Brightness_2",
        "Door",
        "Humidity_1",
        "Humidity_2",
        "Motion_1",
        "Motion_5",
        "Motion_6",
        "Motion_7",
        "Motion_8",
        "PodiumIR",
        "Seat_1",
        "Seat_3",
        "Seat_9",
        "Sound_P",
        "Temperature_1",
        "Temperature_2"
    ]
}