{
    "label": "Eating",
    "start_ts": 1511158578000,
    "end_ts": 1511159299000,
    "avg_n_human": 1.0,
    "duration": 721,
    "sensors": [
        "Aircon_2",
        "Brightness_1",
        "Brightness_2",
        "Door",
        "Humidity_1",
        "Humidity_2",
        "Motion_1",
        "Motion_3",
        "Motion_5",
        "Motion_6",
        "Motion_7",
        "Motion_8",
        "PodiumIR",
        "Seat_9",
        "Sound_P",
        "Sound_R",
        "Temperature_1",
        "Temperature_2"
    ]
}