{
    "label": "Eating",
    "start_ts": 1505047010000,
    "end_ts": 1505047915000,
    "avg_n_human": 1.0,
    "duration": 905,
    "sensors": [
        "Brightness_1",
        "Brightness_2",
        "Door",
        "Humidity_1",
        "Humidity_2",
        "Motion_1",
        "Motion_2",
        "Motion_6",
        "Motion_7",
        "Motion_8",
        "PodiumIR",
        "Seat_10",
        "Seat_11",
        "Seat_2",
        "Seat_3",
        "Seat_8",
        "Sound_C",
        "Sound_L",
        "Sound_P",
        "Sound_R",
        "Temperature_1",
        "Temperature_2"
    ]
}