{
    "label": "Eating",
    "start_ts": 1512963831000,
    "end_ts": 1512964860000,
    "avg_n_human": 1.0,
    "duration": 1029,
    "sensors": [
        "Brightness_1",
        "Brightness_2",
        "Door",
        "Humidity_1",
        "Humidity_2",
        "Light_2",
        "Motion_1",
        "Motion_2",
        "Motion_5",
        "Motion_6",
        "Motion_7",
        "Motion_8",
        "PodiumIR",
        "Seat_11",
        "Seat_2",
        "Seat_3",
        "Seat_4",
        "Seat_9",
        "Sound_P",
        "Temperature_1",
        "Temperature_2"
    ]
}