{
    "label": "Eating",
    "start_ts": 1505553896000,
    "end_ts": 1505555029000,
    "avg_n_human": 1.0,
    "duration": 1133,
    "sensors": [
        "Door",
        "Humidity_1",
        "Humidity_2",
        "Light_1",
        "Light_2",
        "Light_3",
        "Motion_1",
        "Motion_2",
        "Motion_6",
        "Motion_7",
        "Motion_8",
        "PodiumIR",
        "Seat_7",
        "Seat_8",
        "Seat_9",
        "Sound_C",
        "Sound_L",
        "Sound_P",
        "Sound_R",
        "Temperature_1",
        "Temperature_2"
    ]
}