timestamp,sensor_name,value
1510135013043,Door,activate
1510135014615,Motion_3,True
1510135014615,Motion_7,True
1510135014615,Motion_4,True
1510135016671,Seat_4,False
1510135016671,Motion_1,True
1510135019072,Sound_R,60.24865209178916
1510135019798,Motion_2,True
1510135025976,Motion_8,False
1510135025976,Motion_6,False
1510135025976,Seat_4,True
1510135025976,Motion_5,False
1510135027297,Motion_8,True
1510135027297,Motion_3,False
1510135027297,Motion_7,False
1510135029072,Sound_R,65.53506992421181
1510135030568,Motion_4,False
1510135030568,Motion_1,False
1510135030568,Motion_3,True
1510135032675,Seat_8,True
1510135033920,Seat_8,True
1510135033920,Motion_2,False
1510135035026,Motion_1,True
1510135039073,Sound_R,66.16404497979363
1510135040194,Motion_8,True
1510135042870,Motion_2,True
1510135042870,Motion_3,True
1510135047943,Motion_1,True
1510135049073,Sound_R,64.70970449604054
1510135053111,Motion_8,True
1510135054781,Motion_7,True
1510135054781,Motion_2,True
1510135057598,Motion_3,False
1510135057598,Seat_7,True
1510135059073,Sound_R,63.603317104300594
1510135060850,Motion_1,True
1510135063141,Projector,On
1510135066022,Motion_8,True
1510135068704,Motion_7,False
1510135068704,Motion_2,True
1510135069073,Sound_R,60.530738186104934
1510135073772,Motion_1,True
1510135079072,Sound_R,60.862869284115625
1510135089073,Sound_R,59.36693285442917
1510135097554,Motion_8,False
1510135097554,Motion_2,False
1510135097554,Motion_1,False
1510135099072,Sound_R,57.53040759435783
1510135109072,Sound_R,58.757591282325826
1510135109200,Motion_1,True
1510135109200,Motion_7,True
1510135111892,Motion_2,False
1510135111892,Motion_8,False
1510135111892,Motion_6,True
1510135113513,Motion_2,True
1510135113513,Motion_5,True
1510135116494,Motion_3,True
1510135116494,Motion_4,True
1510135119073,Sound_R,61.5653947538012
1510135124394,Motion_1,False
1510135124394,Motion_7,False
1510135124394,Motion_8,True
1510135124394,Motion_6,False
1510135128766,Motion_5,False
1510135128766,Motion_2,True
1510135128766,Motion_3,False
1510135128766,Motion_4,False
1510135129073,Sound_R,65.25271350926373
1510135139073,Sound_R,65.8839590172727
1510135140982,Motion_8,False
1510135140982,Motion_1,True
1510135142438,Motion_3,True
1510135145020,Motion_2,True
1510135149073,Sound_R,64.7655217297791
1510135154715,Motion_1,False
1510135154715,Motion_4,True
1510135154715,Motion_3,False
1510135159073,Sound_R,65.14966278973668
1510135169073,Sound_R,65.4299979739673
1510135171209,Motion_2,False
1510135171209,Motion_4,False
1510135171209,Motion_8,True
1510135171209,Motion_1,True
1510135174635,Motion_2,True
1510135176997,Motion_3,True
1510135179073,Sound_R,63.132433471938214
1510135180398,Motion_4,True
1510135186392,Motion_8,False
1510135186392,Motion_1,False
1510135186392,Seat_11,True
1510135188313,Motion_2,False
1510135188313,Seat_10,True
1510135189072,Sound_R,62.98486768932946
1510135189898,Motion_3,True
1510135195156,Motion_4,False
1510135195156,Motion_2,True
1510135199073,Sound_R,64.86127465810979
1510135199248,Seat_9,True
1510135199248,Motion_1,True
1510135202805,Motion_3,True
1510135202805,Motion_4,True
1510135202805,Seat_8,False
1510135206537,Motion_8,True
1510135206537,Motion_5,True
1510135207633,Motion_7,True
1510135207633,Motion_2,False
1510135209073,Sound_R,64.22550955855662
1510135209209,Motion_6,True
1510135215717,Motion_1,False
1510135215717,Motion_3,True
1510135215717,Motion_4,False
1510135219073,Sound_R,63.792089423950124
1510135229072,Sound_R,61.948920958188246
1510135237874,Motion_8,False
1510135237874,Motion_5,False
1510135237874,Motion_7,False
1510135237874,Motion_6,False
1510135237874,Motion_3,False
1510135238950,Motion_3,True
1510135238950,Motion_7,True
1510135238950,Motion_4,True
1510135239072,Sound_R,60.148862457211386
1510135240260,Motion_8,True
1510135240260,Motion_2,True
1510135240260,Motion_1,True
1510135240260,Motion_6,True
1510135241371,Motion_5,True
1510135249073,Sound_R,61.39764003744411
1510135251857,Motion_3,True
1510135251857,Motion_7,False
1510135251857,Motion_4,False
1510135253167,Motion_8,True
1510135253167,Motion_2,True
1510135253167,Motion_1,True
1510135253167,Motion_6,True
1510135255669,Motion_5,False
1510135255669,Motion_7,True
1510135257329,Motion_5,True
1510135259073,Sound_R,62.49295088115438
1510135269072,Sound_R,62.26429425208918
1510135269901,Motion_3,False
1510135269906,Motion_8,False
1510135269906,Motion_2,False
1510135269906,Motion_1,False
1510135269906,Motion_6,False
1510135269906,Motion_7,False
1510135269906,Motion_5,False
1510135279072,Sound_R,63.19126152768907
1510135284539,Motion_1,False
1510135284539,Motion_7,True
1510135284539,Motion_3,True
1510135289073,Sound_R,64.39848007051619
1510135297561,Motion_7,False
1510135297561,Motion_3,True
1510135299073,Sound_R,64.39171680453082
1510135301373,Motion_6,True
1510135301373,Motion_8,True
1510135303784,Motion_1,True
1510135305040,Motion_7,True
1510135309073,Sound_R,65.16970367890303
1510135311598,Motion_3,False
1510135311598,Motion_5,True
1510135312749,Seat_2,True
1510135312749,Motion_3,True
1510135314475,Motion_6,False
1510135314475,Motion_2,True
1510135314475,Motion_8,False
1510135316701,Motion_1,True
1510135319073,Sound_R,65.77760664890656
1510135321013,Motion_7,False
1510135321013,Seat_10,False
1510135321013,Motion_6,True
1510135323350,Seat_8,True
1510135329073,Sound_R,63.93523732219179
1510135339072,Sound_R,60.110141887785346
1510135339398,Motion_5,False
1510135339398,Motion_3,False
1510135339398,Motion_2,False
1510135339398,Motion_1,False
1510135339398,Motion_7,False
1510135339398,Motion_6,False
1510135339403,Motion_2,True
1510135345752,Motion_4,True
1510135349073,Sound_R,58.1442684778821
1510135355372,Motion_2,False
1510135358233,Motion_1,True
1510135358233,Motion_4,False
1510135359073,Sound_R,56.574116662952015
1510135359304,Motion_8,True
1510135359304,Motion_7,True
1510135369073,Sound_R,56.82189648215461
1510135378679,Motion_2,False
1510135378679,Motion_1,False
1510135378679,Motion_8,False
1510135378679,Motion_7,False
1510135379073,Sound_R,60.28848696856653
1510135389073,Sound_R,58.960686442266905
1510135389780,Motion_1,True
1510135390951,Motion_2,True
1510135390951,Motion_7,False
1510135399073,Sound_R,56.28768585375568
1510135401191,Motion_4,True
1510135403748,Motion_1,False
1510135403748,Motion_7,True
1510135403748,Motion_2,True
1510135404878,Motion_8,True
1510135409073,Sound_R,58.05572390651335
1510135409155,Motion_1,True
1510135416654,Motion_4,False
1510135416654,Motion_7,True
1510135416654,Motion_2,False
1510135419072,Sound_R,62.407255810100274
1510135422448,Motion_8,False
1510135422448,Motion_1,False
1510135422448,Motion_5,True
1510135422448,Motion_2,True
1510135425124,Motion_1,True
1510135429073,Sound_R,67.72776222772977
1510135432663,Seat_2,False
1510135432663,Motion_7,False
1510135436255,Motion_5,False
1510135436255,Motion_2,False
1510135436255,Motion_7,True
1510135438851,Motion_1,False
1510135438851,Motion_2,True
1510135439072,Sound_R,68.07383579516268
1510135449073,Sound_R,63.34463549295098
1510135459073,Sound_R,63.98918503534958
1510135463134,Motion_7,False
1510135463134,Motion_2,False
1510135463134,Motion_3,True
1510135465120,Motion_7,True
1510135465120,Motion_6,True
1510135465120,Motion_8,True
1510135466771,Motion_1,True
1510135469072,Sound_R,65.77611340428508
1510135472109,Motion_5,True
1510135476051,Motion_2,True
1510135476051,Motion_3,False
1510135478027,Motion_7,True
1510135478027,Motion_6,False
1510135478027,Motion_8,True
1510135479072,Sound_R,65.6418844822134
1510135479388,Seat_1,True
1510135479388,Motion_1,False
1510135489073,Sound_R,66.4645039796567
1510135493330,Motion_5,False
1510135493330,Motion_2,False
1510135493330,Motion_7,False
1510135493330,Motion_8,False
1510135499073,Sound_R,66.64275419695875
1510135506998,Motion_5,False
1510135506998,Motion_3,True
1510135509073,Sound_R,68.36780558688952
1510135519072,Sound_R,67.97037407238913
1510135529073,Sound_R,66.0201817884813
1510135530355,Motion_3,False
1510135539073,Sound_R,67.71245943793065
1510135549072,Sound_R,66.92787692788922
1510135559073,Sound_R,66.17056352994793
1510135561237,Motion_3,False
1510135561242,Motion_5,True
1510135568696,Motion_2,True
1510135569073,Sound_R,68.49862671146845
1510135575494,Seat_2,False
1510135575494,Motion_5,False
1510135575494,Motion_8,True
1510135575494,Motion_1,True
1510135576830,Motion_7,True
1510135576830,Motion_5,True
1510135579072,Sound_R,68.87005845869618
1510135579111,Motion_3,True
1510135581602,Motion_2,True
1510135585725,Motion_4,True
1510135589001,Motion_8,False
1510135589001,Motion_1,True
1510135589001,Motion_7,True
1510135589073,Sound_R,67.1057566525834
1510135591448,Motion_5,False
1510135591448,Motion_8,True
1510135591448,Motion_3,False
1510135593149,Motion_5,True
1510135594524,Motion_2,True
1510135596120,Motion_6,True
1510135599073,Sound_R,68.12661332599724
1510135604009,Motion_4,False
1510135604009,Motion_1,False
1510135604009,Motion_7,False
1510135604009,Seat_5,True
1510135604009,Motion_8,False
1510135607231,Motion_5,False
1510135607231,Motion_1,True
1510135607231,Motion_2,False
1510135607231,Motion_8,True
1510135609073,Sound_R,70.60839619091847
1510135612164,Motion_6,False
1510135612164,Motion_7,True
1510135614565,Motion_5,True
1510135619073,Sound_R,69.35696886754576
1510135620148,Motion_1,True
1510135620148,Motion_8,False
1510135628187,Motion_7,False
1510135628187,Motion_5,False
1510135628187,Motion_8,True
1510135628187,Motion_4,True
1510135629073,Sound_R,66.82961404024091
1510135634581,Motion_1,False
1510135634581,Motion_7,True
1510135639073,Sound_R,66.24921923435842
1510135642400,Motion_8,False
1510135642400,Motion_4,False
1510135642400,Motion_2,True
1510135649073,Sound_R,67.52379841874534
1510135651025,Motion_7,False
1510135651030,Motion_8,True
1510135653526,Motion_3,True
1510135659073,Sound_R,68.28762792519827
1510135667178,Motion_2,False
1510135667178,Motion_8,False
1510135667178,Motion_3,False
1510135667183,Seat_2,True
1510135667183,Motion_7,True
1510135669073,Sound_R,67.78528415500887
1510135672021,Motion_8,True
1510135673527,Motion_2,True
1510135676053,Motion_1,True
1510135677799,Motion_4,True
1510135677799,Motion_6,True
1510135679073,Sound_R,68.08878943212088
1510135680650,Motion_7,True
1510135680650,Motion_5,True
1510135689072,Sound_R,67.21232771635204
1510135693557,Motion_8,False
1510135693557,Motion_2,False
1510135693557,Motion_1,False
1510135693557,Motion_4,False
1510135693557,Motion_6,False
1510135693557,Motion_7,True
1510135693557,Motion_5,False
1510135694723,Motion_6,True
1510135697179,Motion_5,True
1510135698380,Motion_8,True
1510135699072,Sound_R,63.977328091602146
1510135709072,Sound_R,65.593051104005
1510135719073,Sound_R,67.21475898720185
1510135723558,Motion_7,False
1510135723558,Motion_6,False
1510135723558,Motion_5,False
1510135723558,Motion_8,False
1510135729072,Sound_R,66.10395169238869
1510135739072,Sound_R,67.23792539182118
1510135748186,Motion_7,False
1510135748186,Motion_1,True
1510135749072,Sound_R,66.32634404831823
1510135751103,Motion_8,True
1510135752674,Motion_2,True
1510135754810,Motion_4,True
1510135759072,Sound_R,67.02935580242256
1510135768627,Motion_1,False
1510135768627,Motion_8,False
1510135768627,Motion_2,False
1510135768627,Motion_4,False
1510135769072,Sound_R,67.83827472590478
1510135771174,Motion_7,True
1510135779072,Sound_R,65.747947807491
1510135789072,Sound_R,65.74504684033845
1510135791665,Motion_2,False
1510135791665,Motion_7,False
1510135791665,Motion_4,True
1510135794526,Seat_9,True
1510135799072,Sound_R,67.10018801763151
1510135804762,Motion_2,True
1510135806808,Motion_8,True
1510135806808,Motion_4,False
1510135809072,Sound_R,67.83334773080551
1510135819073,Sound_R,65.31611335782343
1510135823406,Motion_2,False
1510135823406,Motion_8,False
1510135827244,Motion_3,True
1510135829073,Sound_R,61.930948038666685
1510135837294,Motion_2,False
1510135837294,Motion_7,True
1510135839072,Sound_R,63.40446438034723
1510135849072,Sound_R,68.90538971796433
1510135849530,Motion_3,False
1510135849530,Motion_2,True
1510135849530,Motion_7,False
1510135854128,Motion_7,True
1510135857970,Motion_8,True
1510135859073,Sound_R,70.15402607544257
1510135869073,Sound_R,68.52480173047995
1510135878496,Motion_2,False
1510135878496,Motion_7,False
1510135878496,Motion_8,False
1510135879072,Sound_R,68.88534328751383
1510135882428,Motion_7,True
1510135882428,Motion_1,True
1510135882428,Motion_6,True
1510135889073,Sound_R,68.36583409251871
1510135899073,Sound_R,66.65166687591103
1510135903489,Motion_2,False
1510135903489,Motion_7,False
1510135903489,Motion_1,False
1510135903489,Motion_6,False
1510135909072,Sound_R,68.34503576082714
1510135909197,Motion_8,True
1510135919072,Sound_R,70.85069290781965
1510135924941,Motion_1,False
1510135924941,Motion_8,False
1510135924941,Motion_3,True
1510135929072,Sound_R,69.3460346272159
1510135930574,Motion_2,True
1510135931669,Motion_4,True
1510135932705,Motion_1,True
1510135939073,Sound_R,69.31362903864225
1510135946542,Motion_3,False
1510135946542,Motion_2,False
1510135946542,Motion_4,False
1510135946542,Motion_1,False
1510135946547,Motion_2,True
1510135949073,Sound_R,70.44749027924207
1510135959073,Sound_R,70.69922951142479
1510135968979,Motion_2,False
1510135969072,Sound_R,70.01533241142683
1510135973502,Motion_4,True
1510135979073,Sound_R,69.63062309184805
1510135989072,Sound_R,70.6887248309268
1510135990741,Motion_2,False
1510135990741,Motion_4,False
1510135990741,Motion_1,True
1510135996434,Motion_7,True
1510135999072,Sound_R,67.94195982340692
1510136003533,Motion_4,True
1510136003533,Motion_2,True
1510136003533,Motion_1,False
1510136009072,Sound_R,66.26135014505373
1510136019072,Sound_R,68.46787126265237
1510136020342,Motion_7,False
1510136020342,Motion_4,False
1510136020342,Motion_2,False
1510136027345,Motion_2,True
1510136028511,Motion_1,True
1510136029072,Sound_R,66.55839970177546
1510136039072,Sound_R,64.23946586864044
1510136042814,Motion_7,False
1510136042814,Motion_2,False
1510136042814,Motion_1,False
1510136042814,Motion_4,True
1510136047871,Motion_2,True
1510136049072,Sound_R,67.20578291608724
1510136054014,Motion_1,True
1510136059072,Sound_R,69.94708237812851
1510136059152,Motion_4,False
1510136059152,Motion_3,True
1510136059152,Motion_7,True
1510136069072,Sound_R,67.27988869452271
1510136079072,Sound_R,66.4410773836626
1510136083285,Motion_2,False
1510136083285,Motion_1,False
1510136083285,Motion_3,False
1510136083290,Motion_7,False
1510136083290,Motion_2,True
1510136089072,Sound_R,69.27924999447849
1510136090604,Motion_3,True
1510136092060,Motion_1,True
1510136095417,Seat_8,False
1510136095417,Motion_4,True
1510136095417,Seat_10,True
1510136095417,Motion_7,False
1510136097002,Motion_2,True
1510136097002,Motion_8,True
1510136099073,Sound_R,67.60427498516763
1510136099234,Motion_7,True
1510136099234,Motion_6,True
1510136103516,Motion_3,True
1510136109072,Sound_R,64.51424315583502
1510136109914,Motion_1,False
1510136109914,Motion_4,False
1510136109914,Motion_2,True
1510136109914,Motion_8,False
1510136116443,Motion_7,False
1510136116443,Motion_6,False
1510136116443,Motion_3,True
1510136119072,Sound_R,63.46992692433157
1510136125878,Motion_2,False
1510136129072,Sound_R,63.71658903992151
1510136129355,Motion_3,True
1510136139072,Sound_R,64.48288359592112
1510136142957,Motion_2,False
1510136142957,Motion_3,False
1510136146354,Motion_5,True
1510136147950,Motion_1,True
1510136149072,Sound_R,66.97842909089393
1510136151997,Motion_3,True
1510136158435,Motion_2,False
1510136158435,Motion_7,True
1510136159072,Sound_R,67.21276483664045
1510136164904,Motion_1,False
1510136164904,Motion_5,False
1510136164904,Motion_3,True
1510136169072,Sound_R,65.44162854864982
1510136171667,Motion_7,False
1510136171672,Motion_2,True
1510136174399,Motion_7,True
1510136177831,Motion_3,True
1510136179072,Sound_R,65.9729158062671
1510136189073,Sound_R,70.15408898367276
1510136199073,Sound_R,72.71302159583631
1510136209072,Sound_R,72.291325271302
1510136218892,Motion_2,False
1510136218892,Motion_7,False
1510136218892,Motion_3,False
1510136218892,Motion_1,True
1510136219073,Sound_R,73.20150000176902
1510136229073,Sound_R,70.5350128954591
1510136237948,Motion_1,False
1510136237948,Motion_3,True
1510136239073,Sound_R,69.4052773494445
1510136249073,Sound_R,72.57935255139597
1510136259072,Sound_R,71.03518890764651
1510136259099,Motion_3,False
1510136265602,Motion_4,True
1510136269072,Sound_R,73.68824190798927
1510136279072,Sound_R,75.59964742978026
1510136289072,Sound_R,68.57259951483015
1510136292792,Motion_3,False
1510136292792,Motion_4,False
1510136292792,Motion_7,True
1510136294213,Motion_4,True
1510136299073,Sound_R,64.4637849739052
1510136308956,Motion_7,False
1510136308956,Motion_3,False
1510136308956,Motion_4,False
1510136308956,Motion_1,True
1510136308956,Motion_8,True
1510136309072,Sound_R,65.88745790944057
1510136319072,Sound_R,67.70728791181726
1510136319196,Motion_3,True
1510136321422,Motion_4,True
1510136321422,Motion_1,False
1510136321422,Motion_8,False
1510136321422,Motion_7,True
1510136329072,Sound_R,66.90395487569684
1510136332108,Motion_3,True
1510136339072,Sound_R,67.18249674678793
1510136346185,Motion_4,False
1510136346185,Motion_7,False
1510136346185,Motion_3,False
1510136346185,Motion_8,True
1510136347621,Motion_7,True
1510136348667,Motion_1,True
1510136349072,Sound_R,66.75612084718124
1510136356801,Motion_4,True
1510136359073,Sound_R,64.43291277043132
1510136362649,Motion_8,False
1510136362649,Motion_7,False
1510136362649,Motion_1,False
1510136362654,Motion_3,True
1510136367041,Motion_6,True
1510136368142,Motion_7,True
1510136369072,Sound_R,67.01031700816522
1510136372900,Motion_4,False
1510136372900,Motion_8,True
1510136379072,Sound_R,70.63720889073475
1510136383610,Motion_3,False
1510136383610,Motion_6,False
1510136383610,Motion_7,False
1510136383610,Motion_4,True
1510136386742,Motion_8,True
1510136389072,Sound_R,69.88501937121504
1510136390064,Seat_9,True
1510136399072,Sound_R,70.66577085312794
1510136400039,Motion_4,False
1510136400039,Motion_8,False
1510136400039,Motion_7,True
1510136409073,Sound_R,68.90856728938341
1510136412326,Motion_8,True
1510136412326,Motion_7,False
1510136416008,Motion_7,True
1510136419072,Sound_R,67.19882445974463
1510136423887,Motion_5,True
1510136429073,Sound_R,71.46083431613424
1510136430971,Motion_8,False
1510136430971,Motion_7,False
1510136430971,Motion_3,True
1510136435203,Motion_7,True
1510136439072,Sound_R,75.14634910402545
1510136448120,Motion_5,False
1510136448120,Motion_3,False
1510136448120,Motion_7,True
1510136449073,Sound_R,72.37234814229797
1510136459073,Sound_R,68.01448236313077
1510136462723,Motion_7,False
1510136462723,Motion_5,True
1510136464093,Motion_7,True
1510136469072,Sound_R,66.93063602085364
1510136477010,Motion_5,False
1510136477010,Motion_7,True
1510136479072,Sound_R,63.12261726472014
1510136489073,Sound_R,64.07146843798215
1510136499072,Sound_R,67.96921614979459
1510136504815,Motion_7,False
1510136504815,Motion_8,True
1510136509072,Sound_R,68.64887193452051
1510136519072,Sound_R,70.1033458813841
1510136520033,Motion_8,False
1510136520033,Motion_7,True
1510136523235,Motion_4,True
1510136529072,Sound_R,71.93768823652023
1510136539073,Sound_R,72.94714952106774
1510136544271,Motion_7,False
1510136544276,Motion_4,False
1510136544276,Seat_12,False
1510136549073,Sound_R,70.2599599658129
1510136559073,Sound_R,69.44137364297595
1510136562156,Motion_4,False
1510136569073,Sound_R,68.33297384669503
1510136575072,Motion_4,True
1510136578309,Motion_3,True
1510136579072,Sound_R,66.0823631130393
1510136589072,Sound_R,65.32482127304986
1510136599073,Sound_R,62.99387622184875
1510136602062,Motion_4,False
1510136602062,Motion_3,False
1510136602062,Motion_7,True
1510136608095,Motion_3,True
1510136608095,Motion_1,True
1510136609072,Sound_R,62.147036715943784
1510136609581,Motion_4,True
1510136609581,Motion_2,True
1510136610676,Motion_8,True
1510136612668,Motion_6,True
1510136613928,Seat_8,True
1510136614979,Motion_7,True
1510136619072,Sound_R,62.789933370233165
1510136628616,Motion_3,False
1510136628616,Motion_1,False
1510136628616,Seat_4,False
1510136628616,Motion_4,False
1510136628616,Motion_2,False
1510136628621,Motion_8,False
1510136628621,Motion_6,False
1510136628621,Motion_7,False
1510136628621,Motion_3,True
1510136629073,Sound_R,60.4385446439492
1510136630942,Motion_7,True
1510136634399,Motion_8,True
1510136638551,Motion_2,True
1510136639073,Sound_R,60.7916339163111
1510136649072,Sound_R,63.016153794634306
1510136659072,Sound_R,62.34471517187029
1510136662084,Motion_3,False
1510136662084,Motion_7,False
1510136662084,Seat_2,False
1510136662084,Motion_8,False
1510136662084,Motion_2,False
1510136669072,Sound_R,63.84671777903868
1510136677572,Motion_7,False
1510136677572,Motion_3,False
1510136677572,Motion_5,True
1510136679072,Sound_R,65.51219888544404
1510136680023,Motion_8,True
1510136685641,Motion_3,True
1510136689072,Sound_R,64.07912545474967
1510136695882,Motion_5,False
1510136695882,Motion_8,False
1510136695882,Motion_7,True
1510136698438,Motion_2,True
1510136698438,Motion_3,False
1510136699073,Sound_R,62.54533312294757
1510136699712,Motion_1,True
1510136701283,Motion_2,True
1510136705570,Seat_2,True
1510136705570,Motion_3,True
1510136709072,Sound_R,67.08568560104601
1510136715670,Motion_7,False
1510136715670,Motion_1,False
1510136715670,Motion_2,False
1510136719072,Sound_R,66.48715447003492
1510136723054,Motion_3,False
1510136723054,Motion_8,True
1510136723054,Motion_2,True
1510136727807,Motion_3,True
1510136727807,Motion_1,False
1510136729072,Sound_R,62.17006286517955
1510136738578,Motion_8,False
1510136738578,Motion_2,False
1510136738578,Motion_7,True
1510136738578,Motion_6,True
1510136739073,Sound_R,63.369453889461475
1510136740554,Motion_8,True
1510136740554,Motion_3,False
1510136743760,Motion_3,True
1510136748573,Motion_1,True
1510136749073,Sound_R,67.01678501677367
1510136759073,Sound_R,68.78419098470617
1510136760519,Motion_7,False
1510136760519,Motion_2,False
1510136760519,Motion_6,False
1510136760519,Motion_8,False
1510136760519,Motion_3,False
1510136760524,Motion_7,True
1510136760524,Motion_8,True
1510136762435,Motion_3,True
1510136762435,Motion_4,True
1510136764151,Motion_6,True
1510136764151,Motion_1,True
1510136767753,Motion_5,True
1510136769073,Sound_R,69.98415504190983
1510136779072,Sound_R,71.30037549448078
1510136784297,Motion_2,False
1510136784297,Motion_7,False
1510136784297,Motion_8,False
1510136784297,Motion_3,False
1510136784297,Motion_4,False
1510136784297,Motion_6,False
1510136784302,Motion_1,False
1510136784302,Motion_5,False
1510136784302,Motion_2,True
1510136784302,Motion_3,True
1510136789072,Sound_R,67.28128034517047
1510136797204,Motion_2,True
1510136797204,Motion_3,False
1510136798575,Motion_7,True
1510136799072,Sound_R,66.40905659852262
1510136809073,Sound_R,67.54025007993366
1510136810106,Motion_2,True
1510136819072,Sound_R,68.03066081090083
1510136819841,Motion_7,False
1510136819841,Motion_3,True
1510136823023,Motion_2,True
1510136829072,Sound_R,66.66022039809373
1510136838156,Motion_3,False
1510136838156,Motion_2,False
1510136838156,Motion_5,True
1510136839073,Sound_R,64.78547857553626
1510136849072,Sound_R,65.33689937481056
1510136849747,Motion_7,True
1510136854094,Motion_5,False
1510136859073,Sound_R,69.35393192807834
1510136867006,Motion_7,False
1510136867006,Motion_5,True
1510136869072,Sound_R,72.20424329069182
1510136870403,Motion_7,True
1510136872134,Motion_2,True
1510136877032,Motion_8,True
1510136879073,Sound_R,68.50063657438223
1510136885061,Motion_5,False
1510136885061,Motion_7,False
1510136885061,Motion_2,True
1510136889072,Sound_R,68.91823803149252
1510136898143,Motion_8,False
1510136898143,Motion_2,False
1510136898143,Motion_4,True
1510136899073,Sound_R,71.59417303693918
1510136903516,Motion_2,True
1510136909073,Sound_R,69.53661201148753
1510136919073,Sound_R,66.87331762625719
1510136923151,Motion_4,False
1510136923151,Motion_2,False
1510136924292,Motion_2,True
1510136925597,Motion_7,True
1510136929073,Sound_R,67.89811858636119
1510136937679,Motion_4,False
1510136937679,Motion_2,False
1510136937679,Motion_8,True
1510136937679,Seat_2,False
1510136937679,Motion_7,False
1510136939072,Sound_R,70.8425792026528
1510136940250,Motion_2,True
1510136941556,Motion_7,True
1510136943232,Seat_2,True
1510136949072,Sound_R,68.88671651706966
1510136956219,Motion_8,False
1510136956219,Motion_2,False
1510136956219,Motion_7,False
1510136957810,Motion_1,True
1510136959072,Sound_R,68.99327282117852
1510136959075,Motion_3,True
1510136969072,Sound_R,68.09211040811853
1510136975254,Motion_2,False
1510136975254,Motion_1,False
1510136975254,Motion_3,False
1510136977345,Motion_7,True
1510136979072,Sound_R,70.0077089805349
1510136981597,Motion_5,True
1510136986125,Seat_9,True
1510136989072,Sound_R,73.65294896636549
1510136990262,Motion_2,False
1510136990262,Motion_7,True
1510136994009,Motion_3,True
1510136994009,Motion_2,True
1510136994009,Motion_1,True
1510136995985,Motion_5,False
1510136995985,Motion_4,True
1510136999072,Sound_R,70.29060235372866
1510137009073,Sound_R,71.16492227128576
1510137017902,Motion_7,False
1510137017902,Motion_3,False
1510137017902,Motion_2,False
1510137017902,Motion_1,False
1510137017902,Motion_4,False
1510137017902,Motion_8,True
1510137019073,Sound_R,71.39117290663573
1510137029072,Sound_R,66.76028965478925
1510137029873,Motion_7,True
1510137029873,Motion_2,True
1510137029873,Motion_8,False
1510137030984,Motion_1,True
1510137039072,Sound_R,65.7705568842381
1510137048903,Motion_7,False
1510137048903,Motion_1,False
1510137048903,Motion_2,False
1510137049072,Sound_R,67.43958021953547
1510137051189,Motion_3,True
1510137053326,Motion_1,True
1510137059072,Sound_R,68.47620062318677
1510137060755,Motion_2,True
1510137064867,Motion_7,False
1510137064867,Motion_3,False
1510137066478,Motion_1,False
1510137066478,Motion_5,True
1510137069072,Sound_R,69.09664527585682
1510137074527,Motion_2,False
1510137074527,Motion_3,True
1510137079073,Sound_R,71.29550646908575
1510137080830,Motion_7,False
1510137080830,Motion_5,False
1510137089073,Sound_R,71.51699067129763
1510137090706,Motion_3,False
1510137090706,Motion_2,True
1510137090706,Motion_6,True
1510137099072,Sound_R,69.65405474450984
1510137103727,Motion_7,False
1510137103727,Motion_2,False
1510137103727,Motion_1,True
1510137103727,Motion_6,False
1510137107820,Motion_7,True
1510137109072,Sound_R,73.49456043198397
1510137119072,Sound_R,75.74654889280549
1510137119101,Motion_1,False
1510137119106,Motion_2,True
1510137121262,Motion_7,False
1510137121262,Motion_1,True
1510137122327,Motion_6,True
1510137123778,Motion_7,True
1510137129073,Sound_R,70.32515935894929
1510137136800,Motion_2,False
1510137136800,Motion_1,False
1510137136800,Motion_6,False
1510137136800,Motion_7,False
1510137139073,Sound_R,68.47405237522229
1510137139206,Motion_1,True
1510137149072,Sound_R,72.31538538494262
1510137159072,Sound_R,74.0964685665877
1510137161233,Motion_2,False
1510137161233,Motion_1,False
1510137161233,Motion_7,True
1510137164580,Motion_4,True
1510137169072,Sound_R,71.57922147231214
1510137175631,Motion_7,False
1510137175631,Motion_2,True
1510137178077,Motion_4,False
1510137178077,Motion_1,True
1510137179073,Sound_R,67.80610858502394
1510137180734,Motion_4,True
1510137180734,Motion_8,True
1510137188538,Motion_2,True
1510137189072,Sound_R,71.53081055650098
1510137199072,Sound_R,76.74914767253203
1510137202370,Seat_1,False
1510137202370,Motion_1,False
1510137202370,Motion_4,False
1510137202370,Motion_8,False
1510137202370,Motion_2,False
1510137202370,Motion_3,True
1510137209072,Sound_R,74.01023982237045
1510137218714,Motion_3,False
1510137218714,Motion_1,True
1510137219072,Sound_R,70.67248961619948
1510137229072,Sound_R,69.51862763751184
1510137239072,Sound_R,69.60583541123684
1510137243022,Motion_1,False
1510137243022,Motion_4,True
1510137243022,Motion_2,True
1510137249072,Sound_R,72.05461459727628
1510137250416,Seat_1,True
1510137251611,Motion_7,True
1510137253172,Motion_3,True
1510137259072,Sound_R,72.27270155202167
1510137269072,Sound_R,70.09135926533021
1510137279073,Sound_R,69.73571790009535
1510137289072,Sound_R,71.10096564392894
1510137289992,Seat_1,False
1510137289992,Motion_4,False
1510137289992,Motion_2,False
1510137289992,Motion_7,False
1510137289992,Motion_3,False
1510137293244,Motion_2,True
1510137296986,Motion_5,True
1510137299072,Sound_R,70.93222363774022
1510137302799,Motion_3,True
1510137302799,Motion_4,False
1510137307916,Motion_2,False
1510137307916,Motion_7,True
1510137309072,Sound_R,70.21089721664273
1510137319073,Sound_R,71.04718366588541
1510137329073,Sound_R,70.68097620185436
1510137339073,Sound_R,68.15301684896973
1510137341039,Motion_5,False
1510137341039,Motion_3,False
1510137341039,Motion_7,False
1510137341039,Motion_2,True
1510137349072,Sound_R,68.60500917956539
1510137359073,Sound_R,67.44509997616147
1510137364266,Motion_2,False
1510137369073,Sound_R,63.817912203258004
1510137379072,Sound_R,65.49335255400395
1510137380220,Motion_2,False
1510137389072,Sound_R,66.98287098145845
1510137399072,Sound_R,65.59732050412786
1510137400681,Motion_2,False
1510137400681,Motion_5,True
1510137402772,Motion_2,True
1510137405158,Motion_2,True
1510137409072,Sound_R,71.14930519915134
1510137414838,Motion_5,False
1510137414838,Motion_7,True
1510137419072,Sound_R,71.72445980505654
1510137420281,Motion_2,False
1510137420281,Motion_5,True
1510137424033,Motion_2,True
1510137427715,Motion_1,True
1510137429073,Sound_R,66.77291680998407
1510137430782,Motion_7,True
1510137439073,Sound_R,66.65657976943659
1510137445630,Motion_5,False
1510137445630,Motion_2,False
1510137445630,Motion_1,False
1510137445630,Motion_7,False
1510137445630,Motion_3,True
1510137449072,Sound_R,67.13810021620249
1510137451298,Motion_7,True
1510137459073,Sound_R,67.80799355401037
1510137467837,Motion_2,False
1510137467837,Motion_3,False
1510137467837,Motion_7,False
1510137467842,Motion_8,True
1510137469073,Sound_R,66.12502847722878
1510137477452,Motion_2,True
1510137479073,Sound_R,63.11379774389411
1510137483790,Motion_8,False
1510137483790,Motion_1,True
1510137489073,Sound_R,63.38801391178446
1510137496412,Motion_2,False
1510137496412,Motion_7,True
1510137496412,Motion_8,False
1510137496412,Motion_6,True
1510137496412,Motion_1,False
1510137499072,Sound_R,65.5685557341336
1510137499744,Motion_8,True
1510137499744,Motion_3,True
1510137504586,Motion_1,True
1510137509072,Sound_R,68.10781807814884
1510137514892,Motion_7,False
1510137514897,Motion_6,False
1510137514897,Motion_8,False
1510137514897,Motion_3,False
1510137514897,Seat_1,True
1510137519073,Sound_R,69.00985638309065
1510137529072,Sound_R,65.71986562167278
1510137537664,Motion_1,False
1510137537664,Motion_3,True
1510137539072,Sound_R,66.44881402442536
1510137540335,Motion_5,True
1510137549073,Sound_R,67.7447127540742
1510137556119,Motion_3,False
1510137556119,Motion_5,False
1510137556119,Motion_7,True
1510137559072,Sound_R,70.8518065030684
1510137563453,Motion_5,True
1510137569072,Sound_R,73.92953813111289
1510137575174,Motion_7,False
1510137575174,Motion_3,True
1510137576830,Motion_5,False
1510137576830,Motion_1,True
1510137578876,Motion_8,True
1510137579072,Sound_R,70.38280822459085
1510137582338,Seat_9,True
1510137589072,Sound_R,70.00714531970173
1510137590322,Motion_3,False
1510137590322,Motion_1,False
1510137590322,Motion_7,True
1510137594834,Motion_8,False
1510137597346,Motion_1,True
1510137599072,Sound_R,69.63853086966428
1510137604970,Motion_7,False
1510137604975,Motion_2,True
1510137609072,Sound_R,67.30640302224829
1510137613299,Motion_8,False
1510137613304,Motion_1,False
1510137613304,Motion_3,True
1510137614660,Motion_5,True
1510137615946,Motion_7,True
1510137619072,Sound_R,68.18522693998322
1510137629073,Sound_R,68.99304974325872
1510137630809,Motion_2,False
1510137630809,Motion_1,False
1510137630809,Motion_3,False
1510137630809,Motion_5,False
1510137630809,Motion_7,False
1510137630809,Motion_4,True
1510137631969,Motion_3,True
1510137633685,Motion_8,True
1510137633685,Motion_1,True
1510137639072,Sound_R,70.39513148850311
1510137640764,Motion_5,True
1510137642245,Motion_7,True
1510137644431,Motion_4,False
1510137644431,Motion_2,True
1510137644431,Motion_3,False
1510137649072,Sound_R,72.35693744961075
1510137650524,Motion_8,False
1510137650524,Motion_1,False
1510137650524,Motion_3,True
1510137658493,Motion_5,False
1510137658493,Motion_7,False
1510137658493,Motion_2,False
1510137658493,Motion_1,True
1510137659072,Sound_R,74.02167781603042
1510137669072,Sound_R,73.98841091143417
1510137672821,Motion_3,False
1510137672821,Motion_1,False
1510137672821,Motion_5,True
1510137675427,Motion_3,True
1510137678744,Motion_2,True
1510137678749,Motion_1,True
1510137679073,Sound_R,67.32563368664087
1510137689072,Sound_R,67.33332433280471
1510137691931,Motion_5,False
1510137691931,Motion_3,False
1510137691931,Motion_2,False
1510137691931,Motion_1,True
1510137699073,Sound_R,72.24161578861398
1510137705003,Motion_1,False
1510137705003,Motion_3,True
1510137709072,Sound_R,71.38821705142074
1510137716349,Motion_7,True
1510137717550,Motion_1,True
1510137719072,Sound_R,71.0393506686974
1510137729073,Sound_R,69.97413753783809
1510137729261,Motion_3,False
1510137729266,Motion_7,True
1510137732653,Motion_1,False
1510137732653,Motion_2,True
1510137732653,Motion_3,True
1510137739072,Sound_R,68.98227445134891
1510137741193,Seat_2,False
1510137741193,Motion_7,False
1510137749072,Sound_R,66.01647197890543
1510137756601,Motion_2,False
1510137756601,Motion_3,False
1510137756601,Motion_7,True
1510137759017,Motion_3,True
1510137759072,Sound_R,64.70897342417982
1510137768452,Motion_2,True
1510137769072,Sound_R,66.84436222273555
1510137772569,Motion_7,False
1510137772569,Motion_3,False
1510137779072,Sound_R,68.954830655938
1510137786687,Seat_2,False
1510137786687,Motion_2,False
1510137786687,Motion_7,False
1510137786687,Motion_5,True
1510137789008,Motion_2,True
1510137789072,Sound_R,69.11329250008872
1510137799072,Sound_R,68.7834787416186
1510137801255,Motion_5,False
1510137801255,Seat_2,True
1510137801255,Motion_2,False
1510137809072,Sound_R,68.55360657172179
1510137812886,Motion_2,True
1510137819073,Sound_R,69.5946108523815
1510137828544,Motion_2,False
1510137828544,Motion_7,True
1510137829072,Sound_R,68.86864980919442
1510137839072,Sound_R,68.31433965937536
1510137849073,Sound_R,68.12349241532878
1510137850421,Motion_7,False
1510137850421,Motion_2,True
1510137855984,Motion_4,True
1510137859072,Sound_R,64.78420032227739
1510137865964,Motion_2,False
1510137865964,Motion_3,True
1510137869072,Sound_R,65.8817085538301
1510137869971,Motion_4,False
1510137869971,Motion_2,True
1510137879072,Sound_R,68.25348622019077
1510137886625,Motion_3,False
1510137886625,Motion_2,False
1510137886625,Motion_4,True
1510137889072,Sound_R,67.65087364695158
1510137892543,Motion_7,True
1510137899072,Sound_R,68.8499489500032
1510137899522,Motion_4,True
1510137899522,Motion_6,True
1510137908502,Motion_7,False
1510137909072,Sound_R,72.34521654156491
1510137910343,Motion_3,True
1510137919072,Sound_R,74.38090804469117
1510137929072,Sound_R,73.27006331129719
1510137931389,Motion_4,False
1510137931389,Motion_6,False
1510137931389,Motion_7,False
1510137931389,Motion_3,False
1510137939072,Sound_R,71.14256648468718
1510137949072,Sound_R,72.02583992250096
1510137954111,Seat_1,False
1510137954111,Motion_7,False
1510137954111,Motion_2,True
1510137959073,Sound_R,71.28045315768797
1510137963066,Motion_7,True
1510137963066,Seat_1,True
1510137969073,Sound_R,69.42868854717494
1510137972326,Motion_2,False
1510137979073,Sound_R,67.95713610781822
1510137984107,Seat_1,False
1510137984107,Motion_7,False
1510137989072,Sound_R,68.36414902361908
1510137996684,Motion_2,False
1510137996684,Seat_1,False
1510137998125,Motion_1,True
1510137999072,Sound_R,71.07001758987582
1510137999280,Seat_1,True
1510138009072,Sound_R,70.08547729534335
1510138017800,Motion_2,False
1510138017800,Motion_1,False
1510138017800,Motion_3,True
1510138019073,Sound_R,69.80908735264727
1510138020817,Motion_2,True
1510138025819,Motion_7,True
1510138029072,Sound_R,74.27716101663756
1510138033739,Seat_1,False
1510138033739,Motion_3,False
1510138033739,Motion_2,True
1510138039072,Sound_R,71.9214662157835
1510138049072,Sound_R,69.18176333910321
1510138051843,Motion_7,False
1510138051843,Motion_2,False
1510138053399,Motion_3,True
1510138059072,Sound_R,70.83230249329102
1510138059978,Motion_2,True
1510138059978,Motion_5,True
1510138066311,Seat_8,False
1510138066311,Motion_7,False
1510138066311,Motion_3,True
1510138067802,Motion_7,True
1510138069073,Sound_R,65.81867500274632
1510138069343,Seat_1,True
1510138071754,Motion_1,True
1510138071754,Motion_8,True
1510138071754,Motion_6,True
1510138072879,Motion_2,True
1510138072879,Motion_5,True
1510138074455,Motion_5,True
1510138078813,Seat_4,True
1510138078813,Motion_3,True
1510138079072,Sound_R,62.03298629702241
1510138082715,Motion_7,False
1510138082715,Seat_8,True
1510138089073,Sound_R,61.63989370410622
1510138096667,Motion_7,True
1510138096667,Motion_1,False
1510138096667,Motion_8,False
1510138096667,Motion_6,False
1510138096667,Motion_2,False
1510138096667,Motion_4,False
1510138096667,Motion_5,False
1510138096672,Seat_8,False
1510138096672,Motion_3,False
1510138096672,Motion_7,True
1510138097903,Seat_8,True
1510138097908,Motion_8,True
1510138099072,Sound_R,63.423772293147884
1510138101210,Seat_1,False
1510138101210,Motion_2,True
1510138103536,Seat_8,False
1510138103536,Motion_1,True
1510138108088,Seat_8,True
1510138109072,Sound_R,66.13543829987188
1510138113711,Motion_7,False
1510138113711,Motion_8,False
1510138113711,Seat_8,False
1510138113711,Motion_3,True
1510138113711,Motion_2,False
1510138117183,Motion_1,False
1510138117183,Motion_2,True
1510138117183,Motion_7,True
1510138119072,Sound_R,66.94599730890243
1510138121505,Motion_1,True
1510138125453,Motion_8,True
1510138129072,Sound_R,69.44570727505311
1510138130095,Motion_3,False
1510138130095,Motion_2,True
1510138137059,Motion_7,False
1510138137059,Motion_1,False
1510138139072,Sound_R,72.22873248168712
1510138141161,Motion_8,False
1510138141161,Motion_3,True
1510138143017,Motion_2,True
1510138145748,Motion_4,True
1510138149072,Sound_R,69.57798089565138
1510138158190,Motion_7,False
1510138158190,Motion_3,False
1510138158195,Motion_2,False
1510138158195,Seat_8,True
1510138158195,Motion_4,False
1510138158195,Motion_3,True
1510138159072,Sound_R,64.05078360292036
1510138160331,Motion_1,True
1510138160331,Motion_7,True
1510138163218,Motion_8,True
1510138169072,Sound_R,61.248458400804
1510138175499,Seat_8,False
1510138175499,Motion_3,False
1510138175499,Motion_1,False
1510138175499,Motion_7,False
1510138175499,Motion_2,True
1510138175499,Motion_8,False
1510138178351,Seat_8,True
1510138178351,Seat_9,True
1510138179072,Sound_R,58.43053309482392
1510138180412,Motion_1,True
1510138186850,Motion_8,True
1510138186850,Motion_3,True
1510138188416,Motion_2,True
1510138189072,Sound_R,57.32420198940773
1510138199072,Sound_R,59.942214829238644
1510138200428,Motion_1,False
1510138200428,Motion_3,True
1510138200428,Motion_2,True
1510138209072,Sound_R,65.19403339624496
1510138210518,Motion_8,False
1510138212644,Motion_1,True
1510138212644,Motion_3,False
1510138217677,Motion_2,False
1510138217677,Motion_4,True
1510138219072,Sound_R,66.69285086992191
1510138228287,Motion_8,False
1510138228287,Motion_1,False
1510138228287,Motion_6,True
1510138228287,Motion_7,True
1510138228287,Seat_8,False
1510138229072,Sound_R,66.77988458778238
1510138229493,Motion_8,True
1510138229493,Motion_3,True
1510138230999,Motion_4,False
1510138230999,Motion_2,True
1510138239072,Sound_R,68.71867051580354
1510138243911,Motion_6,False
1510138243911,Motion_7,False
1510138243911,Motion_1,False
1510138243911,Motion_8,False
1510138243911,Motion_3,False
1510138243911,Motion_2,True
1510138243911,Seat_8,True
1510138247513,Motion_1,True
1510138249072,Sound_R,71.6607536424598
1510138252851,Seat_8,False
1510138252851,Motion_7,True
1510138259072,Sound_R,71.97407930517593
1510138260435,Motion_2,False
1510138260435,Motion_1,True
1510138264372,Motion_3,True
1510138269072,Sound_R,72.00563075850566
1510138270895,Motion_7,False
1510138270895,Motion_2,True
1510138279072,Sound_R,74.12256793586864
1510138279750,Motion_1,False
1510138279750,Motion_3,False
1510138279750,Motion_7,True
1510138286183,Motion_2,False
1510138286183,Motion_1,True
1510138286183,Motion_8,True
1510138289072,Sound_R,72.49040574022393
1510138291411,Motion_2,True
1510138294398,Motion_7,False
1510138294398,Seat_8,True
1510138294398,Motion_3,True
1510138299073,Sound_R,68.61043834896513
1510138302577,Motion_1,False
1510138302582,Motion_8,False
1510138302582,Seat_8,False
1510138302582,Motion_1,False
1510138302582,Motion_7,True
1510138309072,Sound_R,68.38817598596073
1510138319073,Sound_R,69.09658223563326
1510138325599,Motion_2,False
1510138325599,Motion_3,False
1510138325599,Motion_7,False
1510138329072,Sound_R,69.52028010664662
1510138329887,Motion_2,True
1510138333023,Motion_7,True
1510138339072,Sound_R,68.13087310533204
1510138349073,Sound_R,67.28186723329073
1510138349787,Motion_3,False
1510138349787,Motion_2,False
1510138349787,Motion_7,False
1510138349787,Motion_4,True
1510138351843,Motion_2,True
1510138357531,Motion_3,True
1510138359072,Sound_R,69.3697037634527
1510138359127,Motion_8,True
1510138364410,Motion_4,False
1510138364410,Seat_8,True
1510138364410,Motion_2,False
1510138369072,Sound_R,69.48862211840571
1510138375971,Motion_3,False
1510138375971,Motion_8,False
1510138375971,Motion_2,True
1510138379073,Sound_R,71.94155703704818
1510138387042,Seat_8,False
1510138387042,Motion_1,True
1510138388888,Motion_2,True
1510138388888,Seat_8,True
1510138389072,Sound_R,71.9622667210795
1510138391404,Motion_7,True
1510138397848,Seat_8,False
1510138397848,Motion_3,True
1510138399072,Sound_R,72.81807126423338
1510138399749,Seat_8,True
1510138399749,Motion_1,False
1510138405362,Motion_2,False
1510138405362,Motion_7,False
1510138405362,Seat_8,False
1510138405362,Motion_8,True
1510138409073,Sound_R,75.33250157166374
1510138414011,Motion_3,False
1510138414011,Motion_1,True
1510138417228,Motion_7,True
1510138419072,Sound_R,73.71157094446907
1510138427359,Motion_8,False
1510138427359,Motion_1,False
1510138427359,Motion_4,True
1510138428529,Motion_2,True
1510138429073,Sound_R,72.2665176270246
1510138429900,Seat_8,True
1510138429900,Motion_7,False
1510138435378,Seat_8,False
1510138435378,Motion_1,True
1510138439072,Sound_R,72.14525770448182
1510138442277,Motion_8,False
1510138442277,Motion_4,False
1510138442277,Motion_7,True
1510138442277,Seat_3,True
1510138445068,Motion_2,False
1510138445068,Seat_8,True
1510138449072,Sound_R,71.43592844771831
1510138459072,Sound_R,71.84534351091573
1510138469073,Sound_R,72.17217758883633
1510138474689,Seat_3,False
1510138474694,Motion_1,False
1510138474694,Seat_8,False
1510138474694,Motion_7,False
1510138477670,Motion_3,True
1510138479073,Sound_R,72.05070401787667
1510138482933,Motion_8,True
1510138487591,Motion_7,True
1510138489073,Sound_R,70.40052715515013
1510138499073,Sound_R,65.55921409794101
1510138500503,Motion_3,False
1510138500503,Motion_8,False
1510138500503,Motion_7,True
1510138503219,Motion_2,True
1510138509072,Sound_R,62.59139988681482
1510138513415,Motion_7,True
1510138518097,Motion_2,False
1510138518097,Motion_3,True
1510138519072,Sound_R,64.60323786562158
1510138523745,Motion_2,True
1510138525311,Motion_1,True
1510138525311,Motion_7,False
1510138527902,Motion_4,True
1510138529073,Sound_R,67.40364662332378
1510138531004,Motion_3,True
1510138539072,Sound_R,72.84371733591972
1510138539724,Motion_2,False
1510138539724,Motion_1,False
1510138545672,Motion_4,False
1510138545672,Motion_3,False
1510138545672,Motion_7,True
1510138549072,Sound_R,72.86135762292561
1510138559073,Sound_R,71.0371445924569
1510138559889,Motion_2,False
1510138559889,Motion_7,False
1510138559889,Motion_4,True
1510138563716,Motion_3,True
1510138564992,Seat_8,True
1510138569039,Motion_1,True
1510138569039,Motion_7,True
1510138569072,Sound_R,70.47749975147927
1510138572051,Motion_8,True
1510138572051,Motion_4,True
1510138579072,Sound_R,68.96237815155648
1510138583832,Motion_3,False
1510138583832,Motion_1,False
1510138583832,Motion_7,False
1510138587219,Motion_8,False
1510138587219,Motion_4,False
1510138587219,Motion_2,True
1510138589073,Sound_R,68.99708859215265
1510138590521,Motion_7,True
1510138598350,Motion_3,False
1510138598350,Motion_4,True
1510138599072,Sound_R,66.767026746275
1510138608270,Motion_2,False
1510138608270,Motion_8,False
1510138608270,Motion_7,False
1510138608270,Motion_3,True
1510138609073,Sound_R,69.54372549255929
1510138617800,Motion_4,False
1510138617805,Motion_2,True
1510138619073,Sound_R,72.57547299697434
1510138629072,Sound_R,67.66970253969548
1510138630062,Motion_3,False
1510138630062,Motion_2,False
1510138639072,Sound_R,61.914911114203655
1510138644104,Motion_3,False
1510138644104,Motion_7,True
1510138649073,Sound_R,63.46819168028936
1510138651688,Motion_3,True
1510138659072,Sound_R,66.00079334997032
1510138662894,Motion_7,False
1510138662894,Motion_2,True
1510138664585,Motion_3,True
1510138669072,Sound_R,64.79954569789015
1510138679073,Sound_R,68.78201315618901
1510138680088,Motion_7,False
1510138680088,Motion_2,False
1510138680088,Motion_3,False
1510138682069,Motion_7,True
1510138688068,Motion_3,True
1510138689072,Sound_R,71.46767516209253
1510138694981,Motion_2,False
1510138694981,Motion_7,True
1510138697098,Motion_2,True
1510138699072,Sound_R,69.28053289776315
1510138709073,Sound_R,69.3168112049041
1510138719072,Sound_R,70.65955869520144
1510138724932,Motion_3,False
1510138724932,Motion_7,False
1510138724932,Motion_2,False
1510138729072,Sound_R,72.13956007758829
1510138732737,Motion_2,True
1510138739072,Sound_R,68.81244180839451
1510138740881,Motion_3,False
1510138744323,Motion_7,True
1510138749072,Sound_R,64.63558935656003
1510138752047,Motion_2,False
1510138759072,Sound_R,63.606379300898055
1510138767795,Motion_3,False
1510138767795,Motion_7,False
1510138767795,Motion_2,False
1510138767795,Motion_1,True
1510138769073,Sound_R,64.36532192496945
1510138771052,Motion_7,True
1510138774199,Seat_9,True
1510138774199,Motion_3,True
1510138776195,Motion_2,True
1510138779072,Sound_R,64.66503376591041
1510138787030,Motion_1,False
1510138787030,Motion_7,False
1510138787030,Motion_6,True
1510138787030,Motion_3,False
1510138788296,Motion_1,True
1510138788296,Motion_2,False
1510138789073,Sound_R,62.7581149114848
1510138795710,Motion_2,True
1510138795710,Seat_3,True
1510138799073,Sound_R,64.15093111803735
1510138806116,Motion_7,False
1510138806116,Motion_6,False
1510138806116,Motion_1,False
1510138806116,Seat_3,False
1510138809072,Sound_R,69.60913276472503
1510138811028,Motion_2,False
1510138811028,Motion_3,True
1510138819072,Sound_R,69.03486262918884
1510138822084,Motion_7,False
1510138829073,Sound_R,69.1083500169605
1510138836807,Motion_3,False
1510138836807,Motion_7,False
1510138836807,Motion_8,True
1510138838033,Motion_7,True
1510138839072,Sound_R,71.17716101296197
1510138843411,Motion_5,True
1510138846087,Motion_1,True
1510138847163,Motion_2,True
1510138849072,Sound_R,68.4210218125728
1510138853986,Motion_8,False
1510138853986,Motion_7,False
1510138855487,Motion_6,True
1510138855487,Motion_5,False
1510138857953,Motion_3,True
1510138859072,Sound_R,66.88314431704627
1510138867889,Motion_1,False
1510138867889,Motion_2,False
1510138867889,Motion_7,False
1510138867889,Motion_4,True
1510138867889,Motion_6,False
1510138869072,Sound_R,65.47817121501828
1510138870265,Motion_1,True
1510138870270,Motion_3,False
1510138872151,Motion_2,True
1510138878464,Motion_3,True
1510138879072,Sound_R,67.58439156233004
1510138879850,Motion_7,True
1510138879850,Motion_4,False
1510138888104,Motion_1,False
1510138888104,Motion_2,False
1510138889072,Sound_R,70.89924193192415
1510138897539,Motion_3,False
1510138897539,Motion_7,False
1510138897539,Seat_10,False
1510138898680,Motion_6,True
1510138898680,Motion_5,True
1510138898680,Motion_4,True
1510138898680,Motion_8,True
1510138899072,Sound_R,69.5670997826488
1510138899741,Motion_1,True
1510138899741,Motion_3,True
1510138901031,Motion_2,True
1510138901031,Seat_3,True
1510138901031,Motion_5,True
1510138909072,Sound_R,69.82810680334005
1510138912342,Seat_3,False
1510138912342,Motion_7,False
1510138912342,Motion_6,False
1510138912342,Motion_4,False
1510138912342,Motion_8,True
1510138912342,Motion_1,True
1510138912342,Motion_3,True
1510138912342,Seat_10,True
1510138913493,Motion_7,True
1510138913493,Motion_2,True
1510138917480,Seat_11,False
1510138917480,Motion_5,False
1510138917480,Motion_6,True
1510138919072,Sound_R,72.09957501961003
1510138923813,Seat_10,False
1510138923813,Motion_4,True
1510138925259,Motion_8,True
1510138925259,Motion_1,True
1510138925259,Motion_3,True
1510138926415,Motion_7,True
1510138926415,Motion_2,False
1510138929072,Sound_R,76.29566162719611
1510138929707,Seat_11,True
1510138929707,Motion_2,True
1510138929712,Motion_6,True
1510138930812,Motion_5,True
1510138930812,Seat_3,True
1510138938426,Motion_4,False
1510138938426,Motion_8,False
1510138938426,Seat_10,True
1510138938426,Motion_3,True
1510138938426,Motion_7,False
1510138939802,Motion_1,True
1510138939802,Seat_10,True
1510138939979,Door,activate
