timestamp,sensor_name,value
1510739576031,Door,activate
1510739576358,Door,activate
1510739577399,Door,activate
1510739577546,Motion_8,False
1510739577546,Motion_1,False
1510739577546,Motion_5,True
1510739578399,Door,activate
1510739579072,Sound_R,69.98127640806241
1510739581298,Motion_2,False
1510739581298,Motion_3,True
1510739585065,Motion_2,True
1510739589072,Sound_R,70.4857586282932
1510739590443,Motion_5,True
1510739591588,Seat_9,True
1510739594820,Motion_3,False
1510739594820,Seat_10,True
1510739597406,Motion_7,True
1510739597406,Motion_2,False
1510739599073,Sound_R,67.7629149213458
1510739601914,Motion_3,True
1510739603359,Motion_5,True
1510739609072,Sound_R,68.93769758673346
1510739612935,Motion_7,False
1510739612935,Seat_11,True
1510739617862,Motion_3,False
1510739617862,Motion_5,False
1510739619072,Sound_R,73.56876249977029
1510739619313,Motion_5,True
1510739628448,Motion_7,True
1510739628448,Motion_6,True
1510739629072,Sound_R,74.61522907096553
1510739630769,Motion_8,True
1510739632215,Motion_5,True
1510739632215,Motion_2,True
1510739632215,Seat_11,False
1510739635136,Motion_3,True
1510739636932,Motion_4,True
1510739636932,Motion_1,True
1510739639072,Sound_R,71.67681292018858
1510739649072,Sound_R,72.81730862860823
1510739649839,Motion_7,False
1510739649839,Motion_6,False
1510739649839,Motion_8,False
1510739649839,Motion_5,False
1510739649839,Motion_2,False
1510739649839,Motion_3,False
1510739649839,Motion_4,True
1510739649839,Motion_1,False
1510739656373,Motion_7,True
1510739656373,Motion_3,True
1510739659072,Sound_R,72.02890256353609
1510739669072,Sound_R,66.39159277224937
1510739674287,Motion_4,False
1510739674287,Motion_7,False
1510739674287,Motion_3,False
1510739679072,Sound_R,66.74135154815222
1510739689072,Sound_R,69.17176807214729
1510739690251,Motion_7,False
1510739692817,Motion_5,True
1510739699072,Sound_R,71.15329635609464
1510739709072,Sound_R,67.655895076766
1510739719072,Sound_R,64.35137768304492
1510739729061,Motion_7,False
1510739729061,Motion_5,False
1510739729067,Motion_7,True
1510739729072,Sound_R,65.33331819087371
1510739733179,Motion_3,True
1510739734394,Motion_4,True
1510739739072,Sound_R,66.57069650071143
1510739741213,Motion_8,True
1510739741213,Motion_1,True
1510739745390,Motion_7,False
1510739745390,Motion_2,True
1510739745390,Motion_3,False
1510739749072,Sound_R,66.89067748984475
1510739753441,Door,activate
1510739753885,Motion_4,False
1510739753885,Seat_8,True
1510739753885,Motion_1,True
1510739755189,Door,activate
1510739755292,Door,activate
1510739756485,Door,activate
1510739757767,Motion_8,False
1510739757767,Motion_4,True
1510739757767,Motion_2,True
1510739759072,Sound_R,70.57074566032085
1510739760193,Motion_8,True
1510739767357,Seat_7,True
1510739767357,Motion_1,True
1510739769072,Sound_R,74.0825320718611
1510739769478,Motion_5,True
1510739770654,Motion_6,True
1510739770654,Motion_3,True
1510739770654,Motion_2,False
1510739770654,Motion_7,True
1510739774261,Motion_8,False
1510739774261,Motion_4,False
1510739774261,Motion_2,True
1510739776452,Motion_4,True
1510739776452,Motion_8,True
1510739779072,Sound_R,75.21066371376128
1510739780634,Motion_1,True
1510739787167,Motion_5,False
1510739787167,Motion_6,False
1510739787167,Motion_3,False
1510739787173,Motion_7,False
1510739787173,Motion_6,False
1510739787173,Motion_2,True
1510739789072,Sound_R,73.57559147240094
1510739792400,Motion_4,False
1510739792400,Motion_8,False
1510739793536,Motion_1,True
1510739795217,Motion_6,True
1510739796708,Motion_5,True
1510739799072,Sound_R,70.4248284607773
1510739800084,Motion_2,True
1510739800084,Motion_7,False
1510739800084,Motion_3,True
1510739803813,Door,activate
1510739805612,Motion_4,False
1510739805612,Motion_8,True
1510739805612,Motion_1,False
1510739808039,Motion_7,True
1510739808039,Motion_6,False
1510739808039,Motion_4,True
1510739809072,Sound_R,69.53910886115456
1510739809499,Motion_1,True
1510739809499,Motion_5,True
1510739811170,Motion_6,True
1510739813607,Motion_2,False
1510739813607,Motion_3,True
1510739816038,Motion_2,True
1510739817659,Seat_11,True
1510739817659,Motion_8,False
1510739819072,Sound_R,69.89983880501624
1510739822396,Motion_7,False
1510739822396,Motion_4,False
1510739822396,Motion_1,True
1510739822396,Motion_5,False
1510739826513,Motion_6,False
1510739826513,Motion_3,True
1510739829072,Sound_R,70.00013473031713
1510739831921,Motion_2,False
1510739831921,Motion_8,True
1510739833042,Motion_7,True
1510739833042,Motion_2,True
1510739835308,Motion_1,True
1510739835308,Motion_6,True
1510739839072,Sound_R,69.00779850843621
1510739840656,Motion_5,True
1510739840656,Motion_3,False
1510739840656,Motion_4,True
1510739844153,Motion_3,True
1510739844153,Motion_8,False
1510739846600,Door,activate
1510739847880,Motion_7,False
1510739847880,Motion_2,False
1510739847880,Motion_8,True
1510739847880,Motion_1,True
1510739849010,Motion_7,True
1510739849010,Motion_6,False
1510739849010,Motion_5,True
1510739849073,Sound_R,66.63736575596451
1510739853558,Motion_4,True
1510739853558,Motion_2,True
1510739857065,Motion_3,True
1510739859072,Sound_R,68.75166673345049
1510739864464,Motion_8,False
1510739864464,Motion_1,False
1510739864464,Motion_5,False
1510739864464,Motion_7,True
1510739866050,Motion_6,True
1510739866050,Motion_4,False
1510739869072,Sound_R,70.66230183584169
1510739869516,Motion_2,False
1510739869516,Motion_4,True
1510739869516,Motion_3,False
1510739869516,Motion_1,True
1510739871377,Motion_8,True
1510739873018,Motion_3,True
1510739877376,Motion_7,True
1510739877376,Motion_5,True
1510739879072,Sound_R,70.9876037870056
1510739886395,Motion_6,False
1510739886395,Motion_4,False
1510739886395,Motion_1,False
1510739886395,Motion_8,False
1510739886395,Motion_3,False
1510739886395,Motion_2,True
1510739886445,Door,activate
1510739886527,Door,activate
1510739889073,Sound_R,71.06968554457633
1510739889142,Motion_6,True
1510739890288,Motion_7,True
1510739890288,Motion_3,True
1510739890288,Motion_5,False
1510739898812,Motion_4,True
1510739899072,Sound_R,65.8216926351369
1510739906351,Motion_2,False
1510739906351,Motion_1,False
1510739906351,Motion_6,False
1510739906351,Motion_3,False
1510739906351,Motion_7,False
1510739909072,Sound_R,61.45137127311276
1510739912339,Motion_4,False
1510739912339,Motion_3,True
1510739914495,Motion_1,True
1510739914495,Motion_7,True
1510739916657,Motion_8,True
1510739916657,Motion_6,True
1510739918648,Motion_5,True
1510739918653,Motion_2,True
1510739919072,Sound_R,63.77556484306917
1510739921119,Motion_4,True
1510739926495,Door,activate
1510739926817,Motion_3,False
1510739926817,Seat_2,True
1510739926817,Motion_1,True
1510739929072,Sound_R,67.20565957222469
1510739934611,Motion_7,False
1510739934611,Motion_8,False
1510739934611,Motion_6,False
1510739934611,Motion_5,False
1510739934611,Motion_2,False
1510739934611,Seat_3,False
1510739934616,Motion_4,False
1510739934616,Motion_5,True
1510739939072,Sound_R,67.11500995836998
1510739939239,Door,activate
1510739942580,Motion_1,False
1510739942580,Motion_2,True
1510739943671,Motion_7,True
1510739945417,Motion_1,True
1510739949072,Sound_R,64.5456348305912
1510739953411,Motion_5,False
1510739953411,Seat_3,True
1510739957388,Motion_2,False
1510739957388,Motion_7,False
1510739957388,Motion_5,True
1510739959072,Sound_R,66.39198819192704
1510739966478,Motion_1,False
1510739966478,Motion_7,True
1510739969072,Sound_R,67.21875982012364
1510739971766,Motion_5,False
1510739971766,Motion_1,True
1510739973357,Motion_5,True
1510739975663,Motion_8,True
1510739975663,Motion_2,True
1510739975663,Motion_4,True
1510739979072,Sound_R,63.79781276114571
1510739988530,Motion_7,False
1510739988530,Seat_3,False
1510739988530,Motion_1,False
1510739988530,Motion_5,False
1510739988530,Motion_2,False
1510739988530,Motion_4,False
1510739989072,Sound_R,63.9344477471455
1510739991141,Motion_8,False
1510739991141,Motion_5,True
1510739999072,Sound_R,61.68910449855951
1510740001387,Seat_3,False
1510740001387,Motion_2,True
1510740002682,Motion_8,True
1510740002682,Motion_1,True
1510740004038,Motion_6,True
1510740004038,Motion_7,True
1510740005394,Motion_4,True
1510740005394,Motion_3,True
1510740009072,Sound_R,59.00566369618743
1510740013678,Motion_5,False
1510740013678,Seat_3,True
1510740013678,Motion_2,True
1510740015374,Door,activate
1510740016005,Motion_8,False
1510740016005,Motion_1,True
1510740016005,Motion_6,False
1510740017050,Motion_7,True
1510740018296,Motion_4,True
1510740018301,Motion_3,False
1510740019072,Sound_R,60.191499903391836
1510740020007,Motion_6,True
1510740020007,Motion_8,True
1510740024350,Door,activate
1510740027686,Motion_2,False
1510740027686,Motion_5,False
1510740027686,Motion_3,True
1510740029072,Sound_R,67.18189932897666
1510740029967,Motion_1,False
1510740029967,Motion_7,True
1510740029967,Motion_5,True
1510740035110,Door,activate
1510740035493,Door,activate
1510740039072,Sound_R,70.01414542480866
1510740046516,Motion_4,False
1510740046516,Motion_6,False
1510740046516,Motion_8,False
1510740046516,Motion_3,False
1510740046516,Seat_2,False
1510740046516,Motion_7,False
1510740046516,Motion_5,False
1510740046521,Motion_2,True
1510740046521,Seat_2,True
1510740048347,Motion_2,True
1510740049052,Projector,On
1510740049072,Sound_R,68.1056543115862
1510740049502,Motion_3,True
1510740052419,Seat_2,False
1510740052419,Motion_5,True
1510740054515,Motion_7,True
1510740059072,Sound_R,66.92999690833601
1510740061259,Motion_2,True
1510740062424,Motion_3,True
1510740065321,Motion_5,True
1510740069072,Sound_R,67.67065392068979
1510740074181,Motion_7,False
1510740074181,Motion_2,True
1510740079072,Sound_R,67.55687866610987
1510740083135,Motion_3,False
1510740083135,Motion_5,False
1510740086947,Motion_5,True
1510740086947,Motion_2,True
1510740089072,Sound_R,66.79068895265293
1510740097923,Motion_3,False
1510740097923,Motion_1,True
1510740099072,Sound_R,66.31140423815584
1510740101170,Motion_5,False
1510740101170,Motion_3,True
1510740102336,Motion_4,True
1510740102341,Motion_2,False
1510740109072,Sound_R,63.235524856328766
1510740110145,Motion_2,True
1510740110145,Motion_1,False
1510740113882,Motion_1,True
1510740113882,Motion_3,True
1510740119073,Sound_R,63.66119792834663
1510740123067,Motion_4,False
1510740123067,Motion_2,True
1510740123067,Seat_3,False
1510740125023,Motion_7,True
1510740126594,Motion_5,True
1510740126594,Motion_3,False
1510740126594,Motion_1,False
1510740129072,Sound_R,67.27214885402573
1510740130221,Motion_6,True
1510740130221,Motion_8,True
1510740131921,Seat_2,True
1510740131921,Motion_3,True
1510740135979,Motion_2,True
1510740139073,Sound_R,68.64485183906264
1510740139741,Motion_5,False
1510740139741,Motion_1,True
1510740139741,Motion_7,False
1510740144998,Motion_6,False
1510740144998,Motion_8,False
1510740144998,Motion_3,True
1510740146504,Motion_4,True
1510740146504,Seat_10,False
1510740148425,Motion_7,True
1510740148425,Motion_2,True
1510740149072,Sound_R,66.14962930511025
1510740149491,Motion_8,True
1510740149491,Motion_5,True
1510740150721,Motion_6,True
1510740152647,Motion_1,True
1510740159073,Sound_R,65.48266737578507
1510740165084,Motion_3,False
1510740165084,Motion_4,False
1510740165084,Motion_7,False
1510740165084,Motion_8,False
1510740165084,Motion_5,False
1510740165084,Motion_6,False
1510740165084,Motion_2,True
1510740169072,Sound_R,65.02243241099444
1510740169156,Seat_2,False
1510740169156,Motion_1,False
1510740169156,Motion_3,True
1510740172413,Motion_5,True
1510740172413,Motion_6,True
1510740173619,Motion_7,True
1510740175124,Motion_1,True
1510740177050,Seat_2,True
1510740177050,Motion_2,True
1510740179072,Sound_R,61.37184822327763
1510740183369,Seat_2,False
1510740183369,Seat_3,True
1510740186135,Motion_5,False
1510740186135,Motion_3,False
1510740186135,Motion_6,False
1510740186135,Seat_9,True
1510740186135,Motion_7,False
1510740189073,Sound_R,62.770323423866984
1510740190908,Motion_1,False
1510740190908,Seat_3,False
1510740190908,Motion_2,True
1510740192304,Motion_7,True
1510740193554,Motion_6,True
1510740199072,Sound_R,62.35330768536386
1510740206861,Motion_2,False
1510740206866,Motion_7,False
1510740206866,Motion_6,False
1510740206866,Motion_2,True
1510740208882,Motion_1,True
1510740209072,Sound_R,59.19275265970534
1510740216577,Motion_8,True
1510740219072,Sound_R,60.430871491796914
1510740221614,Motion_2,False
1510740221614,Motion_7,True
1510740221614,Motion_1,True
1510740223830,Motion_6,True
1510740228188,Door,activate
1510740229072,Sound_R,62.11276011801295
1510740233541,Motion_8,False
1510740233541,Motion_2,True
1510740233541,Seat_5,True
1510740233541,Motion_7,False
1510740236587,Motion_1,False
1510740236587,Motion_5,True
1510740236587,Motion_6,False
1510740239072,Sound_R,66.089519320877
1510740241715,Motion_8,True
1510740242931,Motion_3,True
1510740249072,Sound_R,66.07193422407548
1510740250900,Motion_2,False
1510740250900,Motion_5,False
1510740250900,Motion_1,True
1510740252226,Motion_2,True
1510740258469,Motion_8,False
1510740258469,Motion_3,False
1510740258469,Motion_4,True
1510740259072,Sound_R,63.80102056163082
1510740262901,Motion_7,True
1510740262901,Motion_6,True
1510740262901,Seat_3,True
1510740262901,Motion_1,False
1510740265928,Motion_2,False
1510740265928,Motion_8,True
1510740265928,Motion_1,True
1510740269072,Sound_R,62.64140147721267
1510740273977,Seat_3,False
1510740273977,Motion_4,False
1510740273977,Motion_5,True
1510740275283,Motion_2,True
1510740275283,Motion_3,True
1510740275283,Motion_7,True
1510740275283,Motion_6,False
1510740278845,Motion_8,True
1510740278845,Motion_6,True
1510740278845,Motion_1,True
1510740279072,Sound_R,65.04736907035037
1510740286894,Motion_5,True
1510740286894,Motion_4,False
1510740288200,Motion_2,True
1510740288200,Motion_3,False
1510740288200,Motion_7,True
1510740289072,Sound_R,66.95096747694036
1510740291752,Motion_8,True
1510740291752,Motion_6,True
1510740291752,Motion_1,True
1510740298520,Seat_3,True
1510740299072,Sound_R,65.0506372567546
1510740301657,Motion_5,False
1510740301657,Motion_2,False
1510740301657,Motion_7,True
1510740301657,Seat_2,True
1510740302848,Motion_5,True
1510740303462,Door,activate
1510740304582,Door,activate
1510740305569,Motion_8,False
1510740305574,Motion_6,False
1510740305574,Motion_1,True
1510740306930,Seat_4,True
1510740306930,Motion_8,True
1510740306930,Motion_6,True
1510740309073,Sound_R,64.7791634533437
1510740311722,Motion_2,True
1510740315324,Motion_7,True
1510740315324,Motion_5,True
1510740318466,Motion_1,True
1510740319072,Sound_R,65.86302234881585
1510740326675,Motion_8,False
1510740326675,Motion_6,False
1510740326675,Motion_2,True
1510740328236,Motion_7,True
1510740328236,Motion_5,False
1510740329072,Sound_R,68.66556624167202
1510740329287,Motion_6,True
1510740330527,Motion_8,True
1510740330527,Motion_1,False
1510740331753,Motion_5,True
1510740339072,Sound_R,67.33367328954535
1510740341633,Motion_1,True
1510740341633,Motion_6,True
1510740341633,Motion_2,False
1510740344620,Motion_8,False
1510740344620,Motion_7,True
1510740346471,Motion_5,False
1510740346471,Motion_2,True
1510740349072,Sound_R,67.37334372622887
1510740357007,Seat_3,False
1510740357007,Motion_1,False
1510740357007,Motion_6,False
1510740357007,Motion_3,True
1510740357007,Motion_7,False
1510740358527,Motion_1,True
1510740358527,Motion_7,False
1510740358527,Motion_2,False
1510740359072,Sound_R,67.82173337150454
1510740363535,Motion_2,False
1510740363535,Seat_3,True
1510740363535,Motion_6,True
1510740365326,Motion_7,True
1510740365326,Motion_2,True
1510740369072,Sound_R,65.03833592856448
1510740377127,Motion_3,False
1510740377127,Motion_1,False
1510740377127,Seat_3,False
1510740377127,Motion_6,False
1510740378963,Motion_7,False
1510740378963,Motion_2,True
1510740379072,Sound_R,65.47272288905235
1510740380369,Motion_6,True
1510740386327,Motion_7,True
1510740386327,Motion_3,True
1510740389072,Sound_R,65.9004338989224
1510740393091,Motion_1,False
1510740393091,Motion_2,False
1510740393091,Motion_6,False
1510740397583,Motion_4,True
1510740399072,Sound_R,65.65988893330656
1510740400885,Motion_7,False
1510740400885,Motion_3,False
1510740400885,Motion_6,True
1510740400885,Motion_2,True
1510740409072,Sound_R,67.55708146809503
1510740413937,Motion_1,False
1510740413937,Motion_4,False
1510740413937,Motion_6,False
1510740413937,Motion_2,True
1510740419072,Sound_R,67.98506790546175
1510740424202,Motion_7,True
1510740426844,Motion_2,True
1510740426844,Motion_6,True
1510740429072,Sound_R,66.69086299782056
1510740429640,Motion_5,True
1510740439072,Sound_R,66.53880060109309
1510740441612,Motion_7,False
1510740441617,Motion_2,False
1510740441617,Motion_6,False
1510740441617,Motion_4,True
1510740441617,Motion_5,False
1510740441617,Motion_1,True
1510740447365,Motion_5,False
1510740447370,Motion_2,True
1510740449073,Sound_R,66.78774979543823
1510740459072,Sound_R,66.89400615859735
1510740463303,Motion_4,False
1510740463303,Motion_1,False
1510740463303,Motion_2,False
1510740469072,Sound_R,65.95996118344316
1510740471698,Motion_4,True
1510740471698,Motion_7,True
1510740471698,Motion_1,True
1510740478877,Motion_2,False
1510740478877,Motion_5,True
1510740479072,Sound_R,67.17280223368986
1510740487986,Motion_4,False
1510740487986,Motion_7,False
1510740487986,Motion_1,False
1510740487986,Motion_6,True
1510740489072,Sound_R,69.16254584506589
1510740490908,Motion_7,True
1510740490908,Motion_5,False
1510740490908,Motion_2,True
1510740492484,Motion_8,True
1510740492484,Motion_1,True
1510740499072,Sound_R,69.41201624889386
1510740503310,Motion_6,False
1510740503310,Motion_5,True
1510740503310,Motion_7,True
1510740504805,Motion_2,True
1510740504805,Motion_8,False
1510740509072,Sound_R,67.86777565696691
1510740517722,Motion_1,False
1510740517722,Motion_5,False
1510740517722,Motion_7,False
1510740517722,Motion_2,True
1510740519072,Sound_R,67.6732903396729
1510740521034,Motion_8,True
1510740524231,Motion_1,True
1510740529073,Sound_R,69.00771130885556
1510740536287,Motion_2,False
1510740536287,Motion_8,False
1510740536287,Motion_7,True
1510740536287,Motion_1,False
1510740539072,Sound_R,67.10010723813404
1510740549072,Sound_R,65.96100336461299
1510740557108,Motion_7,False
1510740557108,Motion_2,True
1510740559073,Sound_R,66.13584704313705
1510740561691,Motion_1,True
1510740569072,Sound_R,67.30287979228767
1510740573312,Motion_2,False
1510740573312,Motion_7,True
1510740577919,Motion_1,False
1510740577919,Motion_2,True
1510740579072,Sound_R,69.39964924859483
1510740580666,Motion_1,True
1510740580666,Motion_8,True
1510740589072,Sound_R,68.82123154372306
1510740596619,Motion_7,False
1510740596619,Motion_2,False
1510740596619,Motion_1,False
1510740596619,Motion_8,False
1510740599072,Sound_R,69.38614425625843
1510740609072,Sound_R,67.7789814889522
1510740612613,Motion_1,False
1510740612613,Motion_2,True
1510740614574,Motion_4,True
1510740619072,Sound_R,66.5489935685966
1510740625530,Motion_2,True
1510740629072,Sound_R,67.73159090815514
1510740637921,Motion_4,False
1510740637921,Motion_1,True
1510740637921,Motion_2,False
1510740639072,Sound_R,66.13410580601227
1510740641493,Motion_2,True
1510740649073,Sound_R,65.37969252679311
1510740653735,Motion_1,False
1510740653735,Motion_4,True
1510740653735,Motion_2,True
1510740659072,Sound_R,67.31165149320006
1510740669072,Sound_R,68.28053136702788
1510740669788,Motion_4,False
1510740669788,Motion_2,False
1510740669788,Motion_1,True
1510740672910,Motion_2,True
1510740679072,Sound_R,69.07327348368847
1510740682895,Motion_1,False
1510740682895,Motion_4,True
1510740684941,Motion_3,True
1510740684941,Motion_2,True
1510740689072,Sound_R,68.32661099774322
1510740698734,Motion_4,False
1510740698734,Motion_3,False
1510740698734,Motion_2,True
1510740699072,Sound_R,66.69931232048172
1510740709072,Sound_R,69.16786402809953
1510740713937,Motion_2,False
1510740713937,Motion_4,False
1510740713937,Motion_3,True
1510740719072,Sound_R,70.80571624377997
1510740720676,Motion_5,True
1510740729072,Sound_R,70.76461754714425
1510740729935,Motion_3,False
1510740729935,Motion_2,True
1510740739072,Sound_R,68.94539576887215
1510740744628,Motion_5,False
1510740744628,Motion_2,False
1510740744628,Motion_7,True
1510740745894,Motion_2,True
1510740749072,Sound_R,67.46292813730085
1510740759072,Sound_R,67.50725139673965
1510740765269,Motion_7,False
1510740765269,Motion_2,False
1510740765269,Motion_3,True
1510740766420,Motion_2,True
1510740769072,Sound_R,67.971916274675
1510740778176,Motion_3,True
1510740779072,Sound_R,70.57810213211876
1510740781958,Motion_2,False
1510740781958,Seat_9,True
1510740781958,Seat_12,False
1510740789072,Sound_R,68.17552671721548
1510740793119,Motion_3,False
1510740793119,Motion_1,True
1510740795290,Motion_2,True
1510740797722,Seat_3,True
1510740797722,Motion_7,True
1510740798857,Motion_6,True
1510740799072,Sound_R,69.08764166835483
1510740809072,Sound_R,68.7250405849541
1510740813650,Motion_1,False
1510740813650,Motion_2,False
1510740813650,Motion_7,False
1510740813650,Motion_6,False
1510740813650,Motion_5,True
1510740816637,Motion_2,True
1510740818748,Motion_1,True
1510740819072,Sound_R,68.08493382924301
1510740829072,Sound_R,69.89628721413887
1510740829539,Motion_5,False
1510740829544,Motion_2,True
1510740832010,Motion_1,False
1510740832010,Motion_7,True
1510740839072,Sound_R,65.51423794086325
1510740848834,Motion_2,False
1510740848834,Motion_7,False
1510740849072,Sound_R,67.15759808976827
1510740859072,Sound_R,67.47957173063928
1510740861736,Motion_2,True
1510740869072,Sound_R,65.42035233624502
1510740874663,Seat_3,False
1510740874663,Motion_2,True
1510740874663,Motion_7,True
1510740875863,Motion_6,True
1510740879072,Sound_R,65.13161394877682
1510740883027,Motion_1,True
1510740887575,Motion_2,True
1510740887575,Motion_7,False
1510740889072,Sound_R,63.60988658936423
1510740891817,Motion_6,False
1510740898981,Motion_1,False
1510740899072,Sound_R,64.17736552813699
1510740900496,Motion_2,True
1510740909072,Sound_R,65.70811380014963
1510740909111,Motion_6,False
1510740912688,Motion_1,False
1510740912688,Seat_3,True
1510740912688,Motion_7,True
1510740912688,Motion_2,False
1510740916455,Motion_2,True
1510740916455,Motion_1,True
1510740919072,Sound_R,66.49875307283466
1510740929072,Sound_R,66.65765778211211
1510740929372,Motion_6,False
1510740929372,Motion_7,False
1510740929372,Motion_2,True
1510740929372,Motion_1,False
1510740939072,Sound_R,67.72293782008892
1510740949072,Sound_R,66.99511140835808
1510740952709,Motion_2,False
1510740952709,Motion_4,True
1510740959072,Sound_R,64.36511233186322
1510740962134,Motion_1,True
1510740962134,Motion_5,True
1510740969072,Sound_R,65.46034642564359
1510740969173,Motion_4,False
1510740969173,Motion_2,False
1510740971074,Motion_8,True
1510740979072,Sound_R,67.02017279441473
1510740981295,Motion_1,False
1510740981300,Motion_5,False
1510740981300,Motion_6,True
1510740981300,Motion_2,False
1510740982685,Motion_7,True
1510740984982,Motion_8,False
1510740984982,Motion_4,True
1510740984982,Motion_2,True
1510740989049,Motion_1,True
1510740989072,Sound_R,64.57257337609525
1510740991110,Motion_5,True
1510740997258,Motion_6,False
1510740997258,Motion_7,False
1510740997258,Motion_4,False
1510740997258,Motion_2,False
1510740998649,Motion_7,True
1510740999072,Sound_R,65.28284349544383
1510741003511,Seat_2,False
1510741003511,Motion_1,False
1510741003511,Motion_2,True
1510741003511,Motion_5,True
1510741005522,Seat_2,True
1510741005522,Motion_4,True
1510741009072,Sound_R,66.81609132818805
1510741014597,Motion_6,False
1510741014597,Seat_2,False
1510741014597,Motion_7,False
1510741015783,Motion_1,True
1510741015783,Motion_2,False
1510741019072,Sound_R,66.9001934863823
1510741019470,Motion_5,False
1510741019470,Motion_4,False
1510741019470,Motion_2,True
1510741029072,Sound_R,68.40325259270973
1510741031741,Motion_7,False
1510741031741,Motion_1,False
1510741031741,Motion_2,True
1510741033978,Motion_5,False
1510741033978,Motion_4,True
1510741035909,Motion_5,True
1510741038540,Motion_7,True
1510741039072,Sound_R,66.1927882918302
1510741049072,Sound_R,63.043141908110975
1510741052888,Motion_1,False
1510741052888,Motion_2,False
1510741052888,Motion_4,False
1510741052888,Motion_5,False
1510741052888,Motion_7,False
1510741054504,Motion_7,True
1510741054504,Motion_5,True
1510741055679,Seat_2,True
1510741059072,Sound_R,66.05756557818908
1510741069072,Sound_R,66.82392161055587
1510741070137,Motion_2,False
1510741070137,Motion_7,False
1510741070137,Motion_5,False
1510741070137,Motion_4,True
1510741073754,Motion_2,True
1510741079072,Sound_R,64.62843543450488
1510741089072,Sound_R,64.13761470210609
1510741091904,Motion_4,False
1510741091904,Motion_2,False
1510741091904,Motion_1,True
1510741098082,Motion_2,True
1510741099072,Sound_R,63.15095010023598
1510741108487,Motion_1,False
1510741109072,Sound_R,61.69242440047034
1510741119072,Sound_R,65.98245344480233
1510741121184,Motion_2,False
1510741121184,Motion_1,False
1510741125932,Seat_2,False
1510741125932,Motion_6,True
1510741125932,Motion_7,True
1510741129072,Sound_R,73.0243298873427
1510741129529,Motion_8,True
1510741134096,Motion_2,True
1510741134096,Motion_3,True
1510741139072,Sound_R,72.86492889707401
1510741139654,Motion_6,False
1510741139659,Motion_7,False
1510741139659,Motion_1,True
1510741140780,Motion_4,True
1510741144532,Motion_8,False
1510741144532,Seat_8,False
1510741144532,Motion_7,True
1510741147193,Motion_2,False
1510741147193,Motion_3,True
1510741147193,Motion_5,True
1510741149072,Sound_R,68.18227741627359
1510741151315,Seat_10,True
1510741159072,Sound_R,65.49443204558612
1510741163822,Motion_1,False
1510741163822,Motion_4,False
1510741163822,Motion_7,False
1510741163822,Motion_3,False
1510741163822,Motion_5,False
1510741163822,Motion_8,True
1510741168820,Motion_2,True
1510741169072,Sound_R,64.29921021546292
1510741175938,Motion_7,True
1510741175938,Motion_8,False
1510741175938,Motion_5,True
1510741179072,Sound_R,61.61036799919066
1510741179500,Motion_4,True
1510741187935,Motion_2,False
1510741187940,Motion_2,True
1510741187940,Motion_1,True
1510741187940,Motion_7,False
1510741189072,Sound_R,59.879280406273814
1510741191137,Motion_5,False
1510741191137,Motion_3,True
1510741199072,Sound_R,58.464012303325056
1510741200662,Motion_4,False
1510741200662,Motion_2,False
1510741200662,Motion_1,False
1510741204053,Motion_3,True
1510741209072,Sound_R,61.46623965300861
1510741216610,Motion_4,False
1510741216610,Motion_3,True
1510741219073,Sound_R,66.41992903110854
1510741222968,Motion_1,True
1510741222968,Motion_7,True
1510741226951,Motion_6,True
1510741229072,Sound_R,66.51856358522552
1510741238382,Motion_4,False
1510741238382,Motion_3,False
1510741238382,Motion_1,False
1510741239072,Sound_R,66.89019407822926
1510741249072,Sound_R,69.69450890530999
1510741251299,Motion_6,False
1510741251299,Motion_3,True
1510741253885,Motion_6,True
1510741255106,Motion_5,True
1510741255106,Motion_7,True
1510741259072,Sound_R,66.31610018851332
1510741264210,Motion_3,True
1510741266807,Motion_6,True
1510741268748,Motion_5,False
1510741268748,Motion_7,True
1510741269072,Sound_R,63.23360319395703
1510741275456,Seat_2,True
1510741277112,Motion_3,True
1510741279072,Sound_R,65.06868654203025
1510741281390,Motion_6,False
1510741281390,Seat_2,False
1510741281390,Motion_5,True
1510741281390,Motion_7,False
1510741285642,Seat_2,True
1510741289072,Sound_R,66.70932736972618
1510741289159,Motion_1,True
1510741289159,Motion_3,True
1510741299072,Sound_R,67.44119004588805
1510741305988,Motion_5,False
1510741305988,Motion_1,False
1510741305988,Motion_3,False
1510741309072,Sound_R,67.03718414930337
1510741318434,Motion_1,True
1510741318434,Motion_3,False
1510741319072,Sound_R,67.04550659102159
1510741322417,Motion_5,True
1510741324688,Motion_3,True
1510741329073,Sound_R,67.08687892739788
1510741339072,Sound_R,66.59393260414464
1510741342797,Motion_1,False
1510741342797,Motion_5,False
1510741342797,Motion_3,False
1510741342797,Motion_7,True
1510741343923,Motion_3,True
1510741343923,Motion_5,True
1510741349072,Sound_R,67.09625541326491
1510741359072,Sound_R,67.02405106859342
1510741362498,Seat_2,False
1510741362498,Motion_7,False
1510741362498,Motion_3,False
1510741362498,Motion_5,False
1510741362498,Motion_1,True
1510741362498,Motion_2,True
1510741364079,Motion_8,True
1510741367836,Motion_3,True
1510741369072,Sound_R,64.70054956481124
1510741378011,Motion_1,False
1510741378011,Motion_2,False
1510741378011,Motion_8,False
1510741378011,Seat_9,True
1510741379072,Sound_R,67.88578040888642
1510741379157,Motion_2,True
1510741389072,Sound_R,67.37836800060951
1510741393334,Motion_3,False
1510741393334,Motion_2,False
1510741393334,Motion_1,True
1510741393334,Motion_8,True
1510741395130,Motion_2,True
1510741396976,Motion_7,True
1510741399072,Sound_R,64.21926731698689
1510741409072,Sound_R,65.80075067589303
1510741414341,Motion_3,False
1510741414341,Motion_1,False
1510741414341,Motion_2,False
1510741414341,Motion_8,False
1510741414341,Motion_7,False
1510741414341,Motion_4,True
1510741414341,Motion_6,True
1510741419072,Sound_R,67.07620680341189
1510741429072,Sound_R,68.03289674539538
1510741433856,Motion_4,False
1510741433856,Motion_6,False
1510741433856,Motion_3,True
1510741435507,Motion_1,True
1510741435507,Motion_5,True
1510741438889,Motion_2,True
1510741439072,Sound_R,63.434412395832425
1510741442986,Motion_7,True
1510741449072,Sound_R,62.1007701156743
1510741449810,Motion_3,False
1510741449810,Motion_1,False
1510741449810,Motion_5,False
1510741453622,Motion_2,False
1510741453622,Motion_8,True
1510741459072,Sound_R,65.41245946626714
1510741462922,Motion_7,False
1510741462922,Motion_3,False
1510741462922,Motion_1,True
1510741469072,Sound_R,66.18554418680237
1510741470486,Motion_8,False
1510741470486,Motion_7,True
1510741471816,Motion_6,True
1510741477479,Motion_1,False
1510741477479,Motion_5,True
1510741478995,Motion_4,True
1510741479072,Sound_R,65.96000053965734
1510741481636,Motion_3,True
1510741489072,Sound_R,67.42960004873673
1510741493433,Motion_7,False
1510741493433,Motion_6,False
1510741493433,Motion_5,False
1510741493433,Motion_4,False
1510741496044,Motion_3,False
1510741496044,Motion_6,True
1510741497585,Motion_3,True
1510741499072,Sound_R,70.63154783823457
1510741502087,Motion_1,True
1510741505803,Motion_2,True
1510741507379,Motion_5,True
1510741507379,Motion_7,True
1510741509072,Sound_R,72.43255385266629
1510741511997,Motion_6,False
1510741511997,Seat_3,False
1510741511997,Motion_3,False
1510741514478,Motion_3,True
1510741514478,Motion_1,False
1510741514478,Motion_8,True
1510741519072,Sound_R,78.72369484811706
1510741529072,Sound_R,79.925231542475
1510741530231,Motion_2,False
1510741530231,Motion_5,False
1510741530231,Motion_7,False
1510741530231,Motion_6,False
1510741530236,Motion_3,False
1510741530236,Motion_8,False
1510741530236,Motion_1,True
1510741531852,Motion_6,True
1510741531852,Motion_7,True
1510741538726,Motion_2,True
1510741538726,Motion_8,True
1510741539072,Sound_R,69.6199092100624
1510741545324,Motion_1,False
1510741545324,Motion_3,False
1510741545324,Motion_6,False
1510741545324,Motion_7,False
1510741545324,Seat_2,True
1510741549072,Sound_R,67.21820632255937
1510741551273,Motion_7,True
1510741551273,Motion_8,False
1510741551273,Motion_2,False
1510741559072,Sound_R,69.90189978352885
1510741569072,Sound_R,69.97543690443736
1510741573184,Seat_2,False
1510741573184,Motion_1,False
1510741573189,Motion_7,False
1510741573189,Motion_4,True
1510741575010,Motion_7,True
1510741579073,Sound_R,68.75686021631797
1510741580843,Motion_1,True
1510741589073,Sound_R,70.55873565119857
1510741590463,Motion_4,False
1510741590463,Motion_7,False
1510741590463,Seat_2,True
1510741591934,Motion_8,True
1510741593590,Motion_2,True
1510741595666,Motion_1,False
1510741595666,Motion_3,True
1510741598148,Motion_1,True
1510741599072,Sound_R,70.28392988020185
1510741602930,Motion_6,True
1510741602930,Motion_7,True
1510741606027,Motion_8,False
1510741606027,Seat_3,True
1510741606027,Motion_2,False
1510741609072,Sound_R,65.80562009590194
1510741611625,Motion_3,False
1510741611625,Motion_1,False
1510741614096,Motion_1,True
1510741614096,Motion_2,True
1510741615692,Motion_5,True
1510741619072,Sound_R,67.43798569255794
1510741629072,Sound_R,68.6944307387467
1510741632051,Motion_7,False
1510741632051,Motion_6,False
1510741632051,Motion_3,False
1510741632051,Motion_1,False
1510741632051,Motion_2,False
1510741632051,Motion_5,False
1510741632051,Motion_4,True
1510741632056,Motion_3,True
1510741634867,Motion_2,True
1510741639072,Sound_R,64.59977142564658
1510741645578,Seat_3,False
1510741645578,Seat_2,False
1510741645578,Motion_4,False
1510741645583,Motion_3,False
1510741645583,Seat_2,True
1510741645583,Seat_3,True
1510741647304,Motion_7,True
1510741647304,Motion_2,False
1510741647304,Motion_4,True
1510741647304,Motion_6,True
1510741647304,Motion_5,True
1510741649072,Sound_R,62.5035414713927
1510741659072,Sound_R,65.92486594585704
1510741659640,Motion_2,True
1510741659640,Motion_7,False
1510741663252,Motion_4,False
1510741663252,Motion_6,False
1510741663252,Motion_5,False
1510741663252,Motion_7,True
1510741663252,Motion_3,True
1510741669072,Sound_R,70.33260283079967
1510741669361,Motion_8,True
1510741672267,Seat_11,False
1510741672267,Motion_1,True
1510741672267,Motion_2,True
1510741679072,Sound_R,73.39692359679988
1510741679356,Motion_7,False
1510741679356,Motion_3,False
1510741679356,Motion_4,True
1510741684544,Motion_8,False
1510741684544,Motion_5,True
1510741684544,Motion_1,False
1510741689072,Sound_R,72.55583145140821
1510741689616,Motion_2,False
1510741689616,Motion_7,True
1510741693603,Motion_4,False
1510741693603,Motion_1,True
1510741699072,Sound_R,68.7387301535943
1510741701348,Motion_5,False
1510741701348,Motion_6,True
1510741702528,Motion_7,True
1510741702528,Motion_2,True
1510741704324,Motion_8,True
1510741709072,Sound_R,66.56759839040166
1510741709557,Seat_3,False
1510741709557,Motion_1,False
1510741711733,Motion_5,True
1510741719072,Sound_R,68.63801308175435
1510741727462,Motion_6,False
1510741727462,Motion_7,False
1510741727462,Motion_2,False
1510741727462,Motion_8,False
1510741727462,Motion_1,False
1510741727462,Motion_5,False
1510741729072,Sound_R,70.07357317987862
1510741731714,Motion_4,True
1510741739072,Sound_R,67.51441871194577
1510741739803,Motion_3,True
1510741739803,Motion_7,False
1510741739803,Motion_6,False
1510741749072,Sound_R,65.86339333689901
1510741753345,Motion_4,False
1510741753345,Motion_3,False
1510741753345,Motion_7,True
1510741758668,Motion_6,True
1510741759072,Sound_R,67.59654514753647
1510741760264,Motion_1,True
1510741760264,Seat_3,True
1510741768473,Seat_3,False
1510741768473,Motion_7,False
1510741768473,Motion_3,True
1510741769072,Sound_R,70.00932716952603
1510741776638,Motion_6,False
1510741776638,Motion_1,False
1510741776638,Motion_2,True
1510741777913,Motion_6,True
1510741777913,Motion_7,True
1510741779072,Sound_R,69.92601412206496
1510741789072,Sound_R,68.102419364244
1510741793112,Motion_3,False
1510741793112,Motion_1,False
1510741793112,Motion_2,False
1510741793112,Motion_6,False
1510741793112,Motion_7,False
1510741796188,Seat_3,True
1510741799072,Sound_R,68.95979686947084
1510741802056,Motion_6,True
1510741802056,Motion_7,True
1510741809072,Sound_R,72.58820239171199
1510741812362,Motion_3,False
1510741814728,Motion_1,True
1510741814728,Motion_6,False
1510741814728,Motion_2,True
1510741814728,Motion_7,False
1510741819072,Sound_R,71.40643803228731
1510741829072,Sound_R,69.27329927287805
1510741830687,Motion_3,False
1510741830687,Motion_1,False
1510741830687,Motion_2,False
1510741836230,Motion_7,True
1510741839072,Sound_R,68.18395813370395
1510741844729,Motion_1,False
1510741844729,Motion_2,False
1510741844729,Motion_3,True
1510741849072,Sound_R,65.3460813209186
1510741849272,Motion_7,False
1510741849272,Motion_4,True
1510741849272,Motion_2,True
1510741859072,Sound_R,64.81416950972839
1510741869072,Sound_R,67.45107723714727
1510741879073,Sound_R,67.8131737102488
1510741880053,Motion_3,False
1510741880053,Motion_4,False
1510741880053,Motion_2,False
1510741880053,Motion_1,True
1510741889072,Sound_R,66.85931204570828
1510741891079,Motion_6,True
1510741894701,Motion_1,False
1510741894706,Motion_7,True
1510741894706,Motion_3,True
1510741898403,Motion_8,True
1510741899072,Sound_R,67.06463819473414
1510741907077,Motion_6,False
1510741907077,Motion_1,True
1510741907077,Motion_7,False
1510741907077,Motion_3,False
1510741909072,Sound_R,65.43190394287875
1510741914356,Motion_8,False
1510741919072,Sound_R,64.51080610485491
1510741919684,Motion_3,True
1510741919684,Motion_1,False
1510741922145,Motion_2,True
1510741929072,Sound_R,66.5218176216709
1510741932606,Motion_8,False
1510741932606,Motion_3,True
1510741939072,Sound_R,67.39459248369035
1510741941406,Motion_2,False
1510741941406,Motion_4,True
1510741948554,Motion_3,False
1510741949072,Sound_R,65.75616323622411
1510741959072,Sound_R,67.60876428257329
1510741963052,Motion_4,False
1510741963052,Motion_3,False
1510741963052,Motion_7,True
1510741963057,Motion_2,True
1510741963057,Motion_1,True
1510741969072,Sound_R,70.17271522016772
1510741973618,Motion_3,True
1510741973623,Seat_9,True
1510741977530,Motion_7,False
1510741977530,Motion_2,False
1510741977530,Motion_1,False
1510741977530,Motion_8,True
1510741979072,Sound_R,68.3736336520209
1510741979811,Motion_1,True
1510741989072,Sound_R,71.71250609960198
1510741998996,Motion_3,False
1510741998996,Motion_8,False
1510741998996,Motion_1,False
1510741999072,Sound_R,76.62266030557036
1510742000312,Motion_1,True
1510742000312,Motion_8,True
1510742006726,Motion_7,True
1510742009072,Sound_R,74.20778346844166
1510742019072,Sound_R,71.10326221328837
1510742021959,Motion_3,False
1510742021959,Motion_1,False
1510742021959,Motion_8,False
1510742021959,Motion_7,False
1510742021959,Motion_2,True
1510742023474,Motion_4,True
1510742024960,Motion_3,True
1510742024960,Seat_11,True
1510742029072,Sound_R,68.19355731893818
1510742030028,Motion_6,True
1510742031179,Motion_1,True
1510742037927,Motion_2,False
1510742037927,Motion_7,False
1510742037927,Motion_4,False
1510742039072,Sound_R,67.098197091583
1510742039413,Motion_4,True
1510742039413,Motion_3,False
1510742042550,Motion_3,True
1510742042550,Motion_6,True
1510742044901,Motion_1,False
1510742044901,Motion_7,True
1510742047792,Motion_5,True
1510742049072,Sound_R,73.53612368011828
1510742052310,Motion_2,False
1510742052310,Motion_4,True
1510742059072,Sound_R,75.6334551553153
1510742060884,Motion_3,False
1510742060884,Motion_6,False
1510742060884,Motion_7,False
1510742060884,Motion_5,False
1510742060884,Motion_2,True
1510742063116,Motion_3,True
1510742068258,Motion_4,False
1510742068258,Seat_2,False
1510742069072,Sound_R,72.99674889827286
1510742073656,Motion_6,True
1510742073656,Motion_2,False
1510742073656,Motion_1,True
1510742073656,Motion_7,True
1510742076858,Motion_3,False
1510742076858,Motion_2,True
1510742079072,Sound_R,71.14005368324476
1510742080805,Motion_3,True
1510742080805,Motion_4,False
1510742089072,Sound_R,68.05910621065611
1510742090160,Motion_6,False
1510742090160,Motion_1,False
1510742090165,Motion_7,False
1510742090165,Motion_2,False
1510742090165,Motion_1,True
1510742093342,Motion_8,True
1510742095463,Motion_3,False
1510742095463,Motion_7,True
1510742095463,Motion_6,True
1510742099072,Sound_R,69.89608649048789
1510742099285,Motion_4,True
1510742102151,Motion_3,True
1510742102151,Motion_1,False
1510742106129,Motion_1,True
1510742106129,Motion_8,False
1510742108375,Motion_7,True
1510742108375,Motion_6,False
1510742109072,Sound_R,72.42878728463084
1510742115068,Motion_4,False
1510742115068,Motion_3,True
1510742115068,Motion_8,True
1510742119072,Sound_R,70.2559062386396
1510742126029,Motion_1,False
1510742126029,Motion_7,False
1510742126029,Motion_6,True
1510742127345,Motion_7,True
1510742127345,Motion_4,True
1510742127345,Motion_8,False
1510742127345,Motion_3,False
1510742129072,Sound_R,65.58717523613431
1510742137930,Motion_2,True
1510742137930,Motion_3,True
1510742137930,Motion_6,False
1510742139072,Sound_R,64.6184368127287
1510742141102,Motion_6,False
1510742141102,Motion_7,False
1510742141102,Motion_4,False
1510742141102,Motion_1,True
1510742149072,Sound_R,66.8009758289703
1510742159072,Sound_R,70.3302640999887
1510742163684,Motion_3,False
1510742163684,Motion_2,False
1510742163684,Motion_1,False
1510742163684,Motion_6,True
1510742169072,Sound_R,70.47139705210319
1510742176116,Motion_7,True
1510742176116,Motion_6,False
1510742179072,Sound_R,66.12927554934794
1510742187992,Motion_3,False
1510742187992,Motion_1,True
1510742189072,Sound_R,64.83335029418026
1510742190834,Motion_7,False
1510742190834,Motion_3,True
1510742194506,Motion_8,True
1510742199072,Sound_R,68.2365991988173
1510742199919,Motion_7,True
1510742199919,Motion_4,True
1510742199919,Motion_6,True
1510742199919,Motion_1,False
1510742206787,Motion_3,False
1510742206787,Motion_8,False
1510742209073,Sound_R,74.15293309768414
1510742218268,Motion_7,False
1510742218268,Motion_4,False
1510742218268,Motion_6,False
1510742219072,Sound_R,72.46252753984434
1510742222751,Motion_3,False
1510742229072,Sound_R,67.94295335497551
1510742231906,Motion_7,False
1510742231906,Motion_6,True
1510742231906,Motion_4,True
1510742237934,Motion_3,False
1510742237934,Motion_2,True
1510742239072,Sound_R,67.68635603348785
1510742246513,Motion_6,False
1510742246513,Motion_4,False
1510742246513,Motion_7,True
1510742246513,Motion_1,True
1510742247869,Motion_6,True
1510742249072,Sound_R,66.04081494849517
1510742259073,Sound_R,67.34856719407439
1510742260371,Motion_2,False
1510742260371,Motion_7,False
1510742260371,Motion_1,True
1510742260371,Motion_6,False
1510742263823,Motion_6,True
1510742263823,Motion_8,True
1510742269072,Sound_R,67.28631370255148
1510742273278,Motion_1,True
1510742279072,Sound_R,66.53540939768237
1510742280837,Motion_6,False
1510742280837,Motion_8,False
1510742280837,Motion_4,True
1510742282062,Motion_7,True
1510742283153,Motion_6,True
1510742286185,Motion_1,True
1510742289072,Sound_R,67.78157716306515
1510742294959,Motion_4,False
1510742294959,Motion_7,True
1510742299072,Sound_R,68.4864748697138
1510742300427,Motion_6,False
1510742300427,Motion_1,False
1510742300432,Motion_3,True
1510742300432,Motion_4,True
1510742301538,Motion_6,True
1510742301538,Motion_1,True
1510742304830,Motion_2,True
1510742304830,Motion_5,True
1510742305990,Motion_8,True
1510742307876,Motion_7,True
1510742309072,Sound_R,68.72166799604382
1510742313339,Motion_3,True
1510742313339,Motion_4,True
1510742314975,Motion_6,False
1510742314975,Seat_2,True
1510742314975,Motion_1,False
1510742317496,Motion_6,True
1510742317496,Motion_2,False
1510742317496,Motion_5,False
1510742318892,Motion_8,True
1510742319072,Sound_R,66.18566836618032
1510742320613,Seat_8,True
1510742320613,Motion_7,True
1510742320613,Motion_1,True
1510742326246,Motion_3,True
1510742326246,Motion_4,False
1510742328807,Motion_2,True
1510742329072,Sound_R,64.42100458877003
1510742330208,Motion_4,True
1510742330208,Motion_6,False
1510742339072,Sound_R,64.63131302205649
1510742339158,Motion_8,False
1510742339158,Motion_6,False
1510742339158,Motion_7,False
1510742339158,Motion_1,False
1510742339158,Motion_3,True
1510742343800,Motion_2,False
1510742343800,Motion_4,False
1510742343800,Motion_8,True
1510742343800,Motion_7,True
1510742349072,Sound_R,65.51571477541422
1510742349333,Seat_4,False
1510742349333,Motion_2,True
1510742349338,Motion_6,True
1510742349338,Motion_4,True
1510742359072,Sound_R,64.51942579195395
1510742362715,Motion_3,False
1510742362715,Motion_8,False
1510742362715,Motion_7,False
1510742362715,Motion_2,False
1510742362715,Motion_6,False
1510742362715,Motion_4,True
1510742365182,Motion_3,True
1510742365182,Motion_2,True
1510742365182,Motion_8,True
1510742366597,Motion_5,True
1510742368614,Motion_6,True
1510742368614,Motion_7,True
1510742368614,Motion_1,True
1510742369072,Sound_R,63.94129549686202
1510742379072,Sound_R,63.89359230423412
1510742381535,Motion_4,False
1510742381535,Motion_3,False
1510742381535,Motion_2,False
1510742381535,Motion_5,False
1510742381535,Motion_8,False
1510742381535,Motion_6,True
1510742381535,Motion_7,True
1510742382571,Motion_5,True
1510742382571,Motion_1,False
1510742382571,Motion_3,True
1510742384197,Motion_8,True
1510742384197,Motion_4,True
1510742384197,Motion_2,True
1510742385938,Motion_1,True
1510742389072,Sound_R,64.0843163051349
1510742396298,Motion_6,False
1510742396298,Motion_7,False
1510742396298,Motion_5,False
1510742396298,Motion_3,True
1510742396298,Motion_8,False
1510742397349,Motion_4,True
1510742397349,Motion_7,True
1510742397349,Motion_2,True
1510742399072,Sound_R,61.88820043080616
1510742400150,Motion_1,False
1510742400150,Motion_8,True
1510742401221,Motion_5,True
1510742401221,Motion_1,True
1510742401221,Motion_6,True
1510742409072,Sound_R,59.36790897718701
1510742416784,Motion_3,False
1510742416784,Motion_4,False
1510742416784,Motion_2,False
1510742416784,Motion_8,False
1510742416784,Motion_7,False
1510742416789,Motion_5,False
1510742416789,Motion_1,False
1510742416789,Motion_6,False
1510742416789,Motion_7,True
1510742418010,Motion_6,True
1510742418010,Motion_2,True
1510742419072,Sound_R,63.444310423500404
1510742429072,Sound_R,65.40205987071722
1510742432753,Motion_7,False
1510742432753,Motion_6,False
1510742432753,Motion_2,False
1510742435734,Motion_8,True
1510742439072,Sound_R,63.59532915656427
1510742449072,Sound_R,64.25108656204293
1510742453804,Motion_7,False
1510742453804,Motion_8,False
1510742453804,Motion_1,True
1510742454860,Motion_2,True
1510742458236,Motion_7,True
1510742458236,Motion_6,True
1510742459072,Sound_R,66.324007484083
1510742466341,Motion_3,True
1510742466346,Motion_1,True
1510742467416,Motion_8,True
1510742467416,Motion_2,False
1510742469072,Sound_R,64.33444239495107
1510742471138,Motion_7,True
1510742471138,Motion_6,True
1510742479072,Sound_R,64.90535428845673
1510742489072,Sound_R,72.68600156937022
1510742497192,Motion_3,False
1510742497192,Motion_1,False
1510742497192,Motion_8,False
1510742497192,Motion_7,False
1510742497192,Motion_6,False
1510742497192,Motion_2,True
1510742499072,Sound_R,73.85683345933666
1510742503696,Motion_7,True
1510742509072,Sound_R,68.29497972211375
1510742519072,Sound_R,66.85047442929844
1510742529072,Sound_R,67.62909301810585
1510742530330,Motion_2,False
1510742530330,Motion_7,False
1510742530330,Motion_1,True
1510742539072,Sound_R,67.4867909824733
1510742539900,Motion_4,True
1510742546864,Motion_7,False
1510742546869,Motion_1,False
1510742546869,Motion_2,False
1510742546869,Motion_6,True
1510742548054,Motion_8,True
1510742549072,Sound_R,67.17369141469855
1510742550836,Motion_7,True
1510742557890,Motion_4,False
1510742557890,Motion_2,True
1510742559072,Sound_R,66.96692967463115
1510742562842,Motion_1,False
1510742562842,Motion_8,False
1510742562842,Motion_6,False
1510742562842,Motion_7,False
1510742568870,Seat_9,True
1510742569072,Sound_R,66.19371965702615
1510742579072,Sound_R,66.01204622511354
1510742581252,Motion_2,False
1510742581252,Motion_1,False
1510742581252,Motion_7,True
1510742583393,Motion_2,True
1510742589072,Sound_R,64.69828076694466
1510742596315,Motion_7,False
1510742596315,Motion_2,True
1510742596315,Motion_5,True
1510742599072,Sound_R,64.14588958185965
1510742602618,Motion_8,True
1510742609072,Sound_R,66.73666344595254
1510742612279,Motion_2,False
1510742612284,Motion_5,False
1510742612284,Motion_2,True
1510742616101,Motion_8,False
1510742616101,Motion_6,True
1510742616101,Motion_7,True
1510742619072,Sound_R,67.0064261065325
1510742620633,Motion_8,True
1510742622709,Motion_1,True
1510742629072,Sound_R,67.22274223508589
1510742632694,Motion_2,False
1510742632694,Motion_6,False
1510742632694,Motion_7,False
1510742632694,Motion_4,True
1510742632694,Motion_8,False
1510742639072,Sound_R,68.5799287352861
1510742649072,Sound_R,66.56506752404846
1510742652460,Motion_1,False
1510742652460,Motion_4,False
1510742652465,Motion_1,True
1510742654631,Motion_6,True
1510742654631,Motion_7,True
1510742659072,Sound_R,66.70633673768877
1510742659604,Motion_4,True
1510742660799,Motion_2,True
1510742667033,Motion_1,False
1510742667033,Motion_3,True
1510742667033,Motion_6,True
1510742669072,Sound_R,69.57686655296273
1510742675968,Motion_7,False
1510742675968,Motion_4,False
1510742675968,Motion_2,False
1510742675968,Motion_5,True
1510742679072,Sound_R,69.61018891888654
1510742686308,Motion_3,False
1510742686308,Motion_6,False
1510742686308,Motion_1,True
1510742688879,Motion_5,True
1510742689072,Sound_R,70.17662109454066
1510742699072,Sound_R,65.8566620396419
1510742701776,Motion_1,False
1510742701776,Motion_5,True
1510742703217,Motion_7,True
1510742709072,Sound_R,59.5853736821417
1510742714673,Motion_5,True
1510742716134,Motion_7,True
1510742719072,Sound_R,60.92016136202773
1510742720141,Motion_3,True
1510742721192,Motion_6,True
1510742723703,Motion_1,True
1510742723703,Motion_2,True
1510742729072,Sound_R,66.36694655086552
1510742730627,Motion_5,False
1510742730627,Motion_7,False
1510742739072,Sound_R,67.36801199025702
1510742748061,Motion_3,False
1510742748061,Motion_6,False
1510742748061,Motion_1,False
1510742748061,Motion_2,False
1510742748061,Motion_5,False
1510742749072,Sound_R,64.07503376633922
1510742752508,Motion_7,True
1510742759072,Sound_R,63.75223563149851
1510742769072,Sound_R,66.6279715230565
1510742773660,Motion_2,False
1510742773660,Motion_7,False
1510742779072,Sound_R,67.54311948156142
1510742786577,Motion_7,True
1510742789072,Sound_R,62.79660643307548
1510742794856,Seat_11,False
1510742794856,Motion_2,True
1510742794856,Motion_1,True
1510742799072,Sound_R,61.36995632545871
1510742809072,Sound_R,64.9950097051539
1510742813366,Motion_7,False
1510742813366,Motion_2,False
1510742813366,Motion_1,False
1510742814511,Motion_5,True
1510742819072,Sound_R,64.64147046138345
1510742821605,Motion_2,True
1510742829072,Sound_R,64.09087187814653
1510742834517,Motion_7,False
1510742834517,Motion_5,False
1510742834517,Motion_2,True
1510742839072,Sound_R,65.25402573130414
1510742843952,Motion_1,True
1510742845268,Motion_5,True
1510742849072,Sound_R,66.2587837971411
1510742859072,Sound_R,68.45040917706176
1510742862187,Motion_2,False
1510742862187,Motion_1,False
1510742862187,Motion_5,False
1510742862187,Motion_3,True
1510742862187,Motion_7,True
1510742864378,Motion_8,True
1510742864378,Motion_1,True
1510742864378,Motion_4,True
1510742867545,Motion_6,True
1510742867545,Motion_2,True
1510742869072,Sound_R,70.46841797115383
1510742875099,Seat_2,False
1510742875099,Motion_3,True
1510742875099,Motion_5,False
1510742875099,Motion_7,True
1510742877400,Seat_4,True
1510742877400,Motion_8,False
1510742877400,Motion_1,True
1510742877400,Motion_4,False
1510742879072,Sound_R,66.04362597185006
1510742881312,Motion_6,False
1510742881312,Motion_2,True
1510742883763,Motion_4,True
1510742888851,Motion_3,False
1510742888851,Motion_7,True
1510742888851,Motion_6,True
1510742889072,Sound_R,60.389355245681124
1510742899072,Sound_R,60.01428716880351
1510742900292,Motion_1,False
1510742900292,Motion_2,False
1510742900297,Motion_4,False
1510742900297,Motion_2,True
1510742904514,Motion_7,False
1510742904514,Motion_6,False
1510742904514,Motion_3,True
1510742909072,Sound_R,59.28447109867611
1510742912584,Motion_6,True
1510742912584,Motion_7,True
1510742912584,Motion_2,False
1510742914100,Motion_4,True
1510742918797,Motion_3,False
1510742918797,Motion_5,True
1510742919072,Sound_R,57.870804818186805
1510742928302,Motion_6,False
1510742928302,Motion_7,False
1510742928302,Motion_4,False
1510742928302,Motion_3,True
1510742929072,Sound_R,62.02402190852613
1510742935401,Motion_5,False
1510742935401,Motion_2,True
1510742935401,Motion_7,True
1510742938102,Motion_6,True
1510742939072,Sound_R,66.2008538488634
1510742944186,Motion_3,False
1510742944186,Motion_1,True
1510742948303,Motion_2,True
1510742948308,Motion_7,True
1510742949072,Sound_R,62.673106644141
1510742953000,Motion_6,False
1510742953000,Motion_8,True
1510742959072,Sound_R,66.9622743601489
1510742961300,Motion_6,False
1510742961300,Motion_1,False
1510742961300,Motion_2,False
1510742961300,Motion_7,True
1510742963831,Seat_11,True
1510742963831,Motion_1,True
1510742969072,Sound_R,73.43370606077549
1510742969359,Motion_8,False
1510742969359,Motion_2,True
1510742971980,Seat_11,False
1510742971980,Motion_8,True
1510742978619,Motion_7,False
1510742978619,Motion_1,False
1510742978624,Motion_4,True
1510742979073,Sound_R,69.81412856783544
1510742985328,Motion_2,False
1510742985328,Motion_8,False
1510742987439,Motion_3,True
1510742989072,Sound_R,68.75010946304018
1510742990540,Seat_11,True
1510742990540,Motion_4,True
1510742991966,Motion_6,True
1510742996774,Motion_7,True
1510742998244,Motion_2,True
1510742999072,Sound_R,69.65728097839546
1510743007930,Motion_3,False
1510743007930,Motion_4,False
1510743007930,Motion_6,False
1510743009072,Sound_R,71.68601059103669
1510743009691,Motion_7,True
1510743019072,Sound_R,75.03061092803775
1510743023878,Motion_2,False
1510743023878,Motion_6,False
1510743023878,Motion_7,False
1510743029072,Sound_R,75.35836795021409
1510743039072,Sound_R,72.59416353791332
1510743039837,Motion_6,False
1510743043524,Motion_4,True
1510743048121,Motion_2,True
1510743049072,Sound_R,67.91061232271932
1510743049392,Motion_7,True
1510743059072,Sound_R,67.69188346912382
1510743059472,Motion_6,False
1510743059477,Motion_4,False
1510743063879,Motion_2,False
1510743063879,Motion_7,False
1510743063879,Motion_3,True
1510743066551,Motion_1,True
1510743068637,Motion_2,True
1510743069072,Sound_R,65.6780146474298
1510743076796,Motion_4,False
1510743076796,Motion_3,True
1510743079072,Sound_R,65.26214564914692
1510743085051,Motion_1,False
1510743085051,Motion_2,False
1510743086562,Motion_4,True
1510743089073,Sound_R,69.2674696177787
1510743092075,Motion_3,False
1510743092075,Motion_5,True
1510743099072,Sound_R,68.26432024604227
1510743101740,Motion_1,False
1510743101740,Motion_4,False
1510743101740,Motion_7,True
1510743101740,Motion_2,True
1510743103996,Motion_6,True
1510743103996,Motion_5,False
1510743109072,Sound_R,66.5703073686956
1510743114652,Motion_7,True
1510743114652,Motion_2,False
1510743119072,Sound_R,68.88869183792325
1510743126128,Motion_6,False
1510743126128,Motion_2,True
1510743129072,Sound_R,70.76111205039628
1510743132776,Motion_7,False
1510743132776,Motion_1,True
1510743139072,Sound_R,71.10945511476855
1510743144518,Motion_2,False
1510743149073,Sound_R,69.48080884078098
1510743153527,Motion_1,False
1510743153527,Motion_3,True
1510743157434,Motion_2,True
1510743159072,Sound_R,70.48823837472254
1510743164953,Seat_9,True
1510743169072,Sound_R,71.5749056445748
1510743175449,Motion_3,False
1510743175449,Motion_2,False
1510743179072,Sound_R,71.38369675014532
1510743189072,Sound_R,70.39100651780092
1510743197031,Motion_2,False
1510743197031,Motion_4,True
1510743198736,Motion_2,True
1510743199073,Sound_R,69.4910694210859
1510743209073,Sound_R,69.8867174857064
1510743214710,Motion_4,False
1510743214715,Motion_2,False
1510743219073,Sound_R,67.99357465677726
1510743229072,Sound_R,71.12237550425057
1510743239072,Sound_R,72.83628204347956
1510743241739,Motion_2,False
1510743248863,Motion_1,True
1510743249072,Sound_R,72.6230312703732
1510743257708,Motion_2,False
1510743259073,Sound_R,73.59587805180833
1510743264822,Motion_1,False
1510743264827,Motion_8,True
1510743269073,Sound_R,72.30934199776307
1510743276058,Motion_2,False
1510743276058,Motion_4,True
1510743279072,Sound_R,70.0983589197578
1510743284122,Motion_1,False
1510743284122,Motion_8,False
1510743284122,Motion_3,True
1510743287424,Motion_2,True
1510743289072,Sound_R,68.99965060468075
1510743292001,Motion_4,False
1510743293632,Motion_7,True
1510743299072,Sound_R,66.9485334843949
1510743303402,Motion_3,False
1510743303402,Motion_2,False
1510743307955,Motion_4,False
1510743307955,Motion_7,False
1510743309072,Sound_R,65.47142556192041
1510743310036,Motion_3,True
1510743319072,Sound_R,68.46062540129736
1510743319366,Motion_2,False
1510743329072,Sound_R,72.01676045125733
1510743331767,Motion_4,False
1510743331767,Motion_3,False
1510743331767,Motion_1,True
1510743334059,Motion_2,False
1510743334059,Motion_7,True
1510743339072,Sound_R,71.29796855839699
1510743343924,Motion_4,True
1510743343929,Motion_1,False
1510743346966,Motion_7,True
1510743349072,Sound_R,69.66829392488704
1510743353014,Motion_1,True
1510743353014,Motion_2,True
1510743355080,Motion_3,True
1510743359072,Sound_R,70.13825206396582
1510743363504,Motion_4,False
1510743363504,Motion_7,False
1510743363504,Motion_5,True
1510743369072,Sound_R,69.41241725303108
1510743370948,Motion_1,False
1510743370948,Motion_2,False
1510743370948,Motion_3,False
1510743370948,Motion_6,True
1510743370948,Motion_7,True
1510743374410,Motion_4,True
1510743379072,Sound_R,69.90394373213445
1510743385071,Motion_5,False
1510743385071,Motion_6,False
1510743385071,Motion_7,False
1510743385071,Motion_2,True
1510743386907,Motion_6,True
1510743386907,Motion_4,False
1510743389072,Sound_R,72.28000558765088
1510743399072,Sound_R,69.40874568915841
1510743401294,Motion_2,False
1510743401294,Motion_6,False
1510743401294,Motion_1,True
1510743401294,Motion_8,True
1510743402355,Motion_7,True
1510743409072,Sound_R,67.2459951139907
1510743414121,Motion_2,True
1510743414121,Motion_8,False
1510743415667,Motion_7,False
1510743415667,Motion_2,True
1510743415667,Motion_1,False
1510743419072,Sound_R,69.35000047058047
1510743427724,Motion_7,True
1510743427724,Motion_2,False
1510743429072,Sound_R,69.6768550196139
1510743434177,Motion_3,True
1510743439072,Sound_R,66.35231229402747
1510743441376,Motion_7,False
1510743441376,Motion_1,True
1510743442451,Motion_5,True
1510743444257,Motion_2,True
1510743446714,Motion_4,True
1510743446714,Motion_3,False
1510743448220,Motion_7,True
1510743449072,Sound_R,65.05355513384653
1510743456499,Motion_1,False
1510743456499,Motion_5,False
1510743456499,Motion_3,True
1510743456499,Motion_2,False
1510743459072,Sound_R,66.36310880671866
1510743467090,Motion_4,False
1510743467090,Motion_7,False
1510743467090,Motion_1,True
1510743468750,Motion_7,True
1510743468750,Motion_8,True
1510743468750,Motion_3,False
1510743469072,Sound_R,63.32885296172979
1510743477060,Motion_3,True
1510743479072,Sound_R,66.53308974593942
1510743479996,Motion_1,True
1510743479996,Motion_4,False
1510743481437,Motion_2,True
1510743481437,Motion_7,False
1510743481437,Motion_8,False
1510743489072,Sound_R,72.99400264440095
1510743492913,Motion_3,False
1510743492913,Motion_1,True
1510743499072,Sound_R,70.55273626040362
1510743509072,Sound_R,70.4597800696672
1510743519072,Sound_R,74.9242973845409
1510743527962,Motion_2,False
1510743527962,Motion_1,False
1510743529072,Sound_R,73.95943661458124
1510743529558,Motion_1,True
1510743531344,Motion_4,True
1510743531344,Motion_8,True
1510743539072,Sound_R,71.36511974203123
1510743544266,Motion_2,False
1510743544266,Motion_1,False
1510743544266,Motion_4,True
1510743544266,Motion_8,False
1510743545516,Motion_1,True
1510743548803,Motion_5,True
1510743548803,Seat_7,False
1510743549072,Sound_R,71.16722584707539
1510743552835,Motion_7,True
1510743559072,Sound_R,69.27370021768665
1510743559814,Motion_4,False
1510743559814,Motion_1,False
1510743559814,Motion_2,True
1510743569072,Sound_R,68.15033093312717
1510743579072,Sound_R,71.5328936614588
1510743583357,Motion_5,False
1510743583362,Motion_7,False
1510743583362,Motion_2,False
1510743589072,Sound_R,73.39394062763535
1510743594483,Motion_1,True
1510743599073,Sound_R,74.68869209360186
1510743604048,Motion_2,False
1510743604048,Motion_6,True
1510743604048,Motion_7,True
1510743609072,Sound_R,71.7351531573721
1510743614218,Motion_1,False
1510743614218,Motion_3,True
1510743619072,Sound_R,68.25687671504654
1510743629072,Sound_R,67.50777429011242
1510743636060,Motion_6,False
1510743636060,Motion_2,False
1510743636060,Motion_7,False
1510743636060,Motion_3,False
1510743636060,Motion_1,False
1510743636060,Motion_8,True
1510743637596,Motion_2,True
1510743639073,Sound_R,66.33750318385968
1510743639156,Motion_6,True
1510743639156,Seat_7,True
1510743649072,Sound_R,67.95701755352906
1510743659072,Sound_R,72.17568045378
1510743660463,Motion_1,False
1510743660463,Motion_8,False
1510743660463,Motion_2,False
1510743660463,Motion_6,False
1510743660463,Motion_7,True
1510743662164,Motion_3,True
1510743669072,Sound_R,70.97918532215324
1510743674575,Motion_7,False
1510743674575,Motion_5,True
1510743674575,Motion_3,False
1510743678793,Motion_7,True
1510743678798,Motion_2,True
1510743678798,Motion_3,True
1510743679072,Sound_R,64.9099668225452
1510743689072,Sound_R,66.47637360386342
1510743691719,Motion_5,False
1510743691719,Motion_7,True
1510743691719,Motion_2,False
1510743691724,Motion_3,False
1510743695702,Motion_3,True
1510743698188,Motion_4,True
1510743699072,Sound_R,69.02151573166402
1510743700519,Motion_1,True
1510743701975,Motion_6,True
1510743704626,Motion_7,True
1510743709072,Sound_R,65.44009757477356
1510743714191,Motion_3,False
1510743714191,Motion_4,False
1510743714191,Motion_1,True
1510743714191,Motion_6,False
1510743719072,Sound_R,61.06742135455084
1510743721420,Motion_7,False
1510743721420,Motion_2,True
1510743729072,Sound_R,63.69201286114023
1510743736748,Motion_1,False
1510743736748,Motion_2,False
1510743736748,Motion_4,True
1510743739072,Sound_R,65.8649957485092
1510743740325,Motion_3,True
1510743749072,Sound_R,65.33105330986893
1510743759072,Sound_R,69.78330788160736
1510743759255,Motion_4,False
1510743759255,Motion_2,False
1510743759255,Motion_3,False
1510743759255,Motion_8,True
1510743760491,Seat_9,True
1510743761642,Motion_2,True
1510743767640,Motion_3,True
1510743767640,Motion_1,True
1510743769072,Sound_R,69.37943202580686
1510743774283,Motion_8,False
1510743774283,Motion_4,True
1510743774283,Motion_2,True
1510743779072,Sound_R,65.83965050385133
1510743780657,Motion_1,True
1510743780662,Motion_7,True
1510743780662,Motion_3,False
1510743782093,Motion_5,True
1510743782093,Motion_8,True
1510743783498,Motion_6,True
1510743783498,Motion_3,True
1510743787195,Motion_4,True
1510743787195,Motion_2,False
1510743789072,Sound_R,65.16665378804575
1510743793569,Motion_1,True
1510743793569,Motion_7,True
1510743793569,Seat_11,False
1510743794995,Motion_5,True
1510743794995,Motion_8,True
1510743796210,Motion_2,True
1510743796210,Motion_6,False
1510743797346,Motion_3,True
1510743799072,Sound_R,67.15488214635396
1510743799452,Motion_6,True
1510743799452,Motion_4,False
1510743806486,Seat_8,False
1510743806491,Seat_10,False
1510743806491,Motion_1,True
1510743806491,Motion_7,True
1510743809072,Sound_R,69.36778536428203
1510743809117,Motion_5,False
1510743809117,Motion_8,False
1510743809117,Motion_2,True
1510743809505,Door,activate
1510743810248,Motion_3,True
1510743812859,Motion_6,False
1510743812859,Seat_2,True
1510743812859,Motion_8,True
1510743819072,Sound_R,68.8786697548151
1510743819393,Motion_1,True
1510743819393,Motion_7,False
1510743819393,Seat_3,False
1510743822049,Motion_2,True
1510743822049,Motion_7,True
1510743823155,Motion_3,True
1510743823160,Motion_5,True
1510743826361,Motion_8,True
1510743829072,Sound_R,71.29222902208902
1510743832299,Motion_1,True
1510743834951,Motion_2,True
1510743834951,Motion_7,True
1510743836071,Motion_3,True
1510743836071,Motion_5,False
1510743839072,Sound_R,76.96227792441633
1510743839263,Motion_8,True
1510743839263,Seat_3,True
1510743843665,Motion_6,True
1510743848258,Seat_3,False
1510743848258,Motion_1,False
1510743848258,Motion_2,False
1510743848258,Motion_7,True
1510743848258,Motion_3,False
1510743849072,Sound_R,82.04225599156769
1510743852016,Door,activate
1510743852175,Motion_8,True
1510743853304,Door,activate
1510743853457,Door,activate
1510743854464,Door,activate
1510743855287,Door,activate
1510743857973,Motion_6,False
1510743857973,Motion_3,True
1510743859072,Sound_R,80.24984374233956
1510743861175,Motion_1,True
1510743861175,Motion_7,False
1510743862355,Motion_6,True
1510743863611,Motion_5,True
1510743863611,Motion_7,True
1510743869072,Sound_R,71.90437534827471
1510743869119,Motion_8,False
1510743869119,Motion_2,True
1510743870885,Motion_3,True
1510743879073,Sound_R,67.12965785180518
1510743880075,Motion_1,False
1510743880075,Motion_6,False
1510743880075,Motion_5,False
1510743880075,Motion_7,False
1510743883787,Motion_2,False
1510743883787,Motion_3,True
1510743883787,Seat_7,False
1510743889072,Sound_R,72.47946579588542
1510743889475,Motion_7,True
1510743893192,Motion_1,False
1510743893192,Motion_5,True
1510743896699,Motion_3,True
1510743898950,Motion_2,True
1510743899072,Sound_R,74.78646945406803
1510743900811,Motion_1,True
1510743902667,Motion_7,False
1510743902667,Motion_8,True
1510743905428,Motion_7,True
1510743905428,Motion_5,False
1510743909072,Sound_R,72.44582155001159
1510743909611,Motion_3,True
1510743910911,Motion_6,True
1510743910911,Motion_2,True
1510743913728,Motion_1,True
1510743915589,Motion_8,True
1510743916970,Motion_5,True
1510743918340,Motion_7,True
1510743919072,Sound_R,71.2988649981495
1510743922523,Motion_3,True
1510743924784,Motion_6,False
1510743924784,Motion_2,True
1510743929073,Sound_R,73.61811951658287
1510743929686,Motion_1,False
1510743929686,Motion_8,False
1510743929686,Motion_5,False
1510743935434,Motion_7,False
1510743935434,Motion_3,True
1510743937706,Motion_2,True
1510743939074,Sound_R,79.18593313109788
1510743942363,Motion_7,True
1510743947461,Motion_1,False
1510743947461,Motion_5,True
1510743947461,Motion_3,True
1510743949072,Sound_R,80.27042248886356
1510743950648,Motion_2,True
1510743959072,Sound_R,78.54736415548619
1510743961959,Motion_7,False
1510743961959,Motion_5,False
1510743961959,Motion_6,True
1510743963129,Seat_5,False
1510743963129,Motion_8,True
1510743963129,Motion_1,True
1510743963129,Motion_2,False
1510743963129,Motion_5,True
1510743963129,Motion_3,True
1510743968617,Motion_4,True
1510743969072,Sound_R,74.60368985571235
1510743971169,Motion_2,True
1510743974865,Motion_7,True
1510743974865,Motion_6,False
1510743976551,Motion_8,False
1510743976551,Motion_1,False
1510743976551,Motion_5,True
1510743976551,Motion_3,True
1510743978818,Seat_2,False
1510743978818,Motion_6,True
1510743979072,Sound_R,72.69676042295923
1510743983635,Motion_4,False
1510743983635,Motion_8,True
1510743983635,Motion_1,True
1510743983635,Motion_2,True
1510743989073,Sound_R,73.81591852384383
1510743989618,Seat_1,False
1510743989618,Motion_5,False
1510743989618,Motion_7,True
1510743989618,Motion_3,True
1510743989618,Motion_4,True
1510743991724,Seat_4,False
1510743991724,Motion_6,True
1510743991724,Motion_5,True
1510743996542,Motion_8,True
1510743996542,Motion_1,True
1510743996542,Motion_2,False
1510743999072,Sound_R,74.0673175720785
1510744000074,Motion_2,True
1510744002530,Motion_7,True
1510744002530,Motion_3,False
1510744002530,Motion_4,False
1510744005304,Door,activate
1510744006912,Door,activate
1510744007688,Motion_6,False
1510744007688,Motion_5,False
1510744007953,Door,activate
1510744008071,Door,activate
1510744009072,Sound_R,74.17932165939466
1510744009727,Door,activate
1510744012501,Motion_8,False
1510744012501,Motion_1,False
1510744012501,Motion_2,False
1510744015442,Motion_7,True
1510744015442,Motion_2,True
1510744019072,Sound_R,75.11423121806182
1510744025783,Motion_6,False
1510744025783,Motion_5,False
1510744025783,Motion_8,False
1510744025783,Motion_1,True
1510744028344,Motion_7,True
1510744028344,Motion_8,True
1510744028344,Motion_2,False
1510744029072,Sound_R,75.6451470060521
1510744031488,Door,activate
1510744033024,Door,activate
1510744033607,Door,activate
1510744035376,Door,activate
1510744036568,Motion_2,True
1510744038700,Motion_1,True
1510744039072,Sound_R,77.15838079254729
1510744041256,Motion_7,True
1510744041256,Motion_8,True
